sorteo_id,num_1,num_2,num_3,num_4,num_5,num_6,num_7,num_8,fecha
3015,20,1,5,4,4,1,5,4,2026-05-28
3014,20,1,4,1,1,5,2,1,2026-05-26
3013,20,3,1,5,5,2,2,3,2026-05-23
3012,20,1,3,1,5,2,5,1,2026-05-21
3011,20,4,5,3,1,5,2,5,2026-05-19
3010,20,4,1,5,1,4,5,2,2026-05-16
3009,20,2,5,3,5,1,5,3,2026-05-14
3008,20,2,3,2,3,3,3,2,2026-05-12
3007,20,4,5,5,2,4,5,5,2026-05-09
3006,20,3,4,5,4,4,5,5,2026-05-07
3005,20,4,3,3,4,1,1,3,2026-05-05
3004,20,2,4,4,2,3,3,2,2026-05-02
3003,20,2,2,1,5,3,3,4,2026-04-30
3002,20,4,5,3,2,5,5,2,2026-04-28
3001,20,5,3,4,3,5,2,3,2026-04-25
3000,20,1,1,1,4,4,2,1,2026-04-23
2999,20,4,3,2,3,1,1,4,2026-04-21
2998,20,5,1,3,1,3,2,5,2026-04-18
2997,20,1,4,1,2,3,2,2,2026-04-16
2996,20,5,2,3,2,1,3,4,2026-04-14
2995,20,5,2,4,5,1,5,2,2026-04-11
2994,20,4,4,5,3,4,1,4,2026-04-09
2993,20,2,2,3,3,1,2,4,2026-04-07
2992,20,4,5,1,4,2,3,4,2026-04-04
2991,20,2,4,5,3,5,2,3,2026-04-02
2990,20,2,1,5,4,4,1,5,2026-03-31
2989,20,4,4,5,2,3,1,4,2026-03-28
2988,20,4,2,3,4,4,4,2,2026-03-26
2987,20,1,1,5,2,5,1,1,2026-03-24
2986,20,4,4,1,1,4,5,5,2026-03-21
2985,20,1,1,2,3,1,3,3,2026-03-19
2984,20,4,2,4,3,2,1,3,2026-03-17
2983,20,2,1,1,2,1,3,4,2026-03-14
2982,20,2,2,2,5,3,2,2,2026-03-12
2981,20,3,5,3,1,5,5,5,2026-03-10
2980,20,4,5,2,5,5,2,4,2026-03-07
2979,20,3,3,2,2,1,3,2,2026-03-05
2978,20,1,1,2,1,3,5,2,2026-03-03
2977,20,5,1,2,4,5,2,2,2026-02-28
2976,20,2,1,2,3,5,4,1,2026-02-26
2975,20,2,5,5,5,3,1,3,2026-02-24
2974,20,2,2,1,2,4,3,3,2026-02-21
2973,20,3,5,1,1,2,1,3,2026-02-19
2972,20,4,3,3,1,3,5,5,2026-02-17
2971,20,4,3,4,1,3,4,3,2026-02-14
2970,20,4,2,4,4,2,3,3,2026-02-12
2969,20,5,5,3,4,3,3,4,2026-02-10
2968,20,2,2,2,2,2,1,1,2026-02-07
2967,20,5,2,2,5,1,2,5,2026-02-05
2966,20,2,4,3,5,5,5,3,2026-02-03
2965,20,4,1,4,2,2,4,3,2026-01-31
2964,20,1,1,4,4,3,5,4,2026-01-29
2963,20,4,4,2,2,5,4,2,2026-01-27
2962,20,5,3,2,4,5,4,1,2026-01-24
2961,20,5,1,2,3,4,1,3,2026-01-22
2960,20,3,2,1,4,2,2,1,2026-01-20
2959,20,1,1,5,4,3,1,1,2026-01-17
2958,20,5,3,2,1,5,5,2,2026-01-15
2957,20,5,1,4,5,5,1,2,2026-01-13
2956,20,2,2,1,4,5,1,2,2026-01-10
2955,20,1,3,1,1,5,3,4,2026-01-08
2954,20,5,2,1,3,2,2,4,2026-01-06
2953,20,2,4,5,1,3,4,2,2026-01-03
2952,20,1,2,4,4,2,4,2,2026-01-01
2951,20,1,3,1,1,4,3,4,2025-12-30
2950,20,2,1,1,5,5,5,4,2025-12-27
2949,20,5,1,1,3,3,2,3,2025-12-25
2948,20,4,5,5,2,2,3,2,2025-12-23
2947,20,4,5,2,5,3,2,1,2025-12-20
2946,20,2,5,3,1,3,2,2,2025-12-18
2945,20,2,2,1,2,2,5,2,2025-12-16
2944,20,1,1,1,3,2,5,3,2025-12-13
2943,20,4,2,3,3,4,3,4,2025-12-11
2942,20,3,1,1,1,2,5,4,2025-12-09
2941,20,4,4,4,1,1,2,1,2025-12-06
2940,20,3,3,2,4,4,2,1,2025-12-04
2939,20,5,1,3,4,2,1,3,2025-12-02
2938,20,2,4,2,3,4,1,2,2025-11-29
2937,20,4,4,5,3,5,4,1,2025-11-27
2936,20,2,2,2,1,1,1,3,2025-11-25
2935,20,1,1,2,5,3,3,4,2025-11-22
2934,20,5,3,1,3,2,3,5,2025-11-20
2933,20,2,1,2,2,4,1,4,2025-11-18
2932,20,1,3,5,1,3,3,3,2025-11-15
2931,20,2,3,2,4,3,5,3,2025-11-13
2930,20,3,5,3,2,2,4,2,2025-11-11
2929,20,2,1,4,1,3,3,3,2025-11-08
2928,20,1,5,5,4,5,4,4,2025-11-06
2927,20,1,4,5,3,5,2,1,2025-11-04
2926,20,3,2,5,1,1,5,1,2025-11-01
2925,20,2,5,5,5,2,5,3,2025-10-30
2924,20,5,3,3,2,4,2,4,2025-10-28
2923,20,5,1,1,3,4,2,1,2025-10-25
2922,20,3,4,5,1,2,2,2,2025-10-23
2921,20,5,2,3,4,2,1,5,2025-10-21
2920,20,3,4,4,5,1,4,4,2025-10-18
2919,20,3,5,1,3,2,2,1,2025-10-16
2918,20,5,3,3,2,3,1,4,2025-10-14
2917,20,5,2,3,5,3,1,3,2025-10-11
2916,20,4,1,3,3,1,2,4,2025-10-09
2915,20,2,5,1,2,4,4,1,2025-10-07
2914,20,4,2,2,1,2,3,4,2025-10-04
2913,20,5,1,4,2,3,5,3,2025-10-02
2912,20,2,3,4,4,4,3,4,2025-09-30
2911,20,2,3,4,2,4,3,1,2025-09-27
2910,20,4,4,2,1,5,1,5,2025-09-25
2909,20,4,5,2,2,3,4,2,2025-09-23
2908,20,1,2,2,4,1,5,1,2025-09-20
2907,20,4,2,2,2,5,5,5,2025-09-18
2906,20,4,1,1,4,2,5,2,2025-09-16
2905,20,1,2,4,1,4,3,2,2025-09-13
2904,20,2,4,2,5,1,5,2,2025-09-11
2903,20,1,2,4,3,5,1,4,2025-09-09
2902,20,1,4,4,1,2,4,5,2025-09-06
2901,20,3,5,3,5,3,1,1,2025-09-04
2900,20,3,5,1,2,3,2,4,2025-09-02
2899,20,2,5,3,1,1,4,1,2025-08-30
2898,20,1,1,3,4,1,1,5,2025-08-28
2897,20,1,1,3,4,3,2,1,2025-08-26
2896,20,1,1,3,1,5,1,1,2025-08-23
2895,20,3,3,5,1,2,5,1,2025-08-21
2894,20,5,1,2,3,4,3,2,2025-08-19
2893,20,4,1,3,3,5,2,1,2025-08-16
2892,20,1,5,4,2,2,4,5,2025-08-14
2891,20,4,4,4,2,1,5,1,2025-08-12
2890,20,2,1,5,3,5,2,3,2025-08-09
2889,20,3,5,3,3,5,4,3,2025-08-07
2888,20,2,1,2,4,3,1,1,2025-08-05
2887,20,4,3,1,4,2,2,3,2025-08-02
2886,20,5,4,4,3,3,4,1,2025-07-31
2885,20,4,2,5,4,2,1,4,2025-07-29
2884,20,1,4,3,5,2,4,5,2025-07-26
2883,20,3,1,5,3,4,1,5,2025-07-24
2882,20,3,1,4,5,3,3,3,2025-07-22
2881,20,2,1,4,3,4,3,4,2025-07-19
2880,20,4,1,5,2,1,1,3,2025-07-17
2879,20,5,1,2,3,4,2,2,2025-07-15
2878,20,3,4,5,4,2,2,5,2025-07-12
2877,20,4,2,5,1,3,3,1,2025-07-10
2876,20,1,4,1,1,2,4,4,2025-07-08
2875,20,5,5,4,4,3,1,3,2025-07-05
2874,20,4,3,3,1,3,1,3,2025-07-03
2873,20,5,5,3,4,2,5,4,2025-07-01
2872,20,4,2,5,1,1,4,3,2025-06-28
2871,20,5,5,2,4,5,3,5,2025-06-26
2870,20,4,2,3,2,4,3,2,2025-06-24
2869,20,2,4,2,1,2,5,5,2025-06-21
2868,20,5,2,2,2,3,4,5,2025-06-19
2867,20,3,2,1,3,3,4,5,2025-06-17
2866,20,4,3,5,3,2,4,2,2025-06-14
2865,20,1,3,5,3,1,1,3,2025-06-12
2864,20,2,2,3,5,4,3,5,2025-06-10
2863,20,5,4,2,3,5,3,2,2025-06-07
2862,20,1,2,1,4,3,2,3,2025-06-05
2861,20,4,5,5,2,3,2,2,2025-06-03
2860,20,2,3,3,5,3,2,3,2025-05-31
2859,20,4,4,4,4,3,2,4,2025-05-29
2858,20,4,1,4,3,4,3,5,2025-05-27
2857,20,3,2,4,2,3,3,4,2025-05-24
2856,20,4,3,3,5,2,2,3,2025-05-22
2855,20,4,1,2,5,4,5,1,2025-05-20
2854,20,5,5,3,2,2,5,5,2025-05-17
2853,20,4,2,1,4,3,3,3,2025-05-15
2852,20,1,3,5,1,5,4,3,2025-05-13
2851,20,4,2,5,3,2,5,1,2025-05-10
2850,20,4,2,3,2,1,4,3,2025-05-08
2849,20,5,5,2,1,3,3,5,2025-05-06
2848,20,1,2,1,5,2,2,2,2025-05-03
2847,20,1,4,4,1,2,1,2,2025-05-01
2846,20,3,2,2,4,1,2,5,2025-04-29
2845,20,1,2,2,3,2,1,1,2025-04-26
2844,20,3,2,4,5,1,5,1,2025-04-24
2843,20,3,4,1,3,3,1,3,2025-04-22
2842,20,3,1,1,5,3,3,4,2025-04-19
2841,20,3,2,1,5,5,3,3,2025-04-17
2840,20,4,5,1,2,5,5,3,2025-04-15
2839,20,4,2,5,4,3,3,5,2025-04-12
2838,20,1,2,1,1,4,2,5,2025-04-10
2837,20,5,3,1,1,3,4,5,2025-04-08
2836,20,2,4,1,5,1,1,2,2025-04-05
2835,20,5,3,4,3,5,2,1,2025-04-03
2834,20,2,1,2,3,5,3,3,2025-04-01
2833,20,4,1,1,1,5,2,5,2025-03-29
2832,20,3,3,1,3,4,2,4,2025-03-27
2831,20,4,3,4,1,4,4,3,2025-03-25
2830,20,5,3,2,2,3,5,3,2025-03-22
2829,20,4,4,3,1,1,1,5,2025-03-20
2828,20,5,5,2,3,1,1,3,2025-03-18
2827,20,4,4,5,4,4,2,5,2025-03-15
2826,20,3,4,2,4,2,1,1,2025-03-13
2825,20,1,3,3,4,1,4,1,2025-03-11
2824,20,4,3,3,2,2,4,4,2025-03-08
2823,20,1,1,1,4,3,1,5,2025-03-06
2822,20,4,4,1,5,4,2,5,2025-03-04
2821,20,1,2,3,5,2,1,2,2025-03-01
2820,20,4,5,1,5,3,5,3,2025-02-27
2819,20,5,3,4,1,3,2,2,2025-02-25
2818,20,4,3,2,4,3,1,4,2025-02-22
2817,20,3,1,5,4,1,1,3,2025-02-20
2816,20,3,1,2,4,2,3,1,2025-02-18
2815,20,1,4,3,1,1,4,5,2025-02-15
2814,20,5,2,2,5,4,2,4,2025-02-13
2813,20,3,1,5,1,2,4,3,2025-02-11
2812,20,3,2,5,3,4,2,2,2025-02-08
2811,20,5,3,2,4,4,5,3,2025-02-06
2810,20,4,5,3,5,3,3,4,2025-02-04
2809,20,3,3,4,2,1,1,2,2025-02-01
2808,20,3,5,5,2,1,4,1,2025-01-30
2807,20,5,5,4,5,3,1,1,2025-01-28
2806,20,4,3,3,1,4,4,2,2025-01-25
2805,20,3,3,4,1,2,5,3,2025-01-23
2804,20,1,2,5,3,2,1,1,2025-01-21
2803,20,4,5,1,2,1,5,2,2025-01-18
2802,20,5,3,1,5,2,4,5,2025-01-16
2801,20,2,1,4,2,5,5,2,2025-01-14
2800,20,3,3,4,2,1,5,1,2025-01-11
2799,20,3,5,4,2,1,4,3,2025-01-09
2798,20,4,3,1,4,2,3,5,2025-01-07
2797,20,5,3,4,5,3,4,2,2025-01-04
2796,20,3,1,1,2,5,1,1,2025-01-02
2795,20,4,4,1,3,5,3,5,2024-12-31
2794,20,1,3,1,1,1,4,1,2024-12-28
2793,20,4,5,4,1,4,1,1,2024-12-26
2792,20,5,3,1,4,4,5,5,2024-12-24
2791,20,5,5,4,1,5,5,3,2024-12-21
2790,20,3,2,5,3,5,5,5,2024-12-19
2789,20,2,4,4,1,4,1,1,2024-12-17
2788,20,5,4,5,3,4,5,1,2024-12-14
2787,20,1,4,1,2,1,2,4,2024-12-12
2786,20,2,1,4,3,1,4,5,2024-12-10
2785,20,5,1,2,1,4,5,2,2024-12-07
2784,20,4,4,1,5,2,5,4,2024-12-05
2783,20,3,4,1,1,1,4,3,2024-12-03
2782,20,2,5,5,3,1,4,2,2024-11-30
2781,20,5,4,4,4,1,1,3,2024-11-28
2780,20,5,1,1,1,1,4,3,2024-11-26
2779,20,1,2,3,2,4,3,1,2024-11-23
2778,20,1,4,2,1,3,5,5,2024-11-21
2777,20,2,5,1,4,1,4,4,2024-11-19
2776,20,1,1,4,1,3,1,3,2024-11-16
2775,20,4,3,1,2,4,5,5,2024-11-14
2774,20,3,5,1,1,4,3,4,2024-11-12
2773,20,3,1,5,5,4,2,5,2024-11-09
2772,20,2,1,4,2,2,1,2,2024-11-07
2771,20,5,1,5,3,5,2,1,2024-11-05
2770,20,1,5,3,2,3,2,3,2024-11-02
2769,20,4,5,5,3,5,3,4,2024-10-31
2768,20,4,3,5,4,1,5,1,2024-10-29
2767,20,5,1,2,4,5,1,5,2024-10-26
2766,20,5,5,5,4,4,3,5,2024-10-24
2765,20,2,5,5,5,4,2,2,2024-10-22
2764,20,4,3,4,1,4,1,3,2024-10-19
2763,20,5,3,1,5,5,2,3,2024-10-17
2762,20,1,4,4,3,4,1,2,2024-10-15
2761,20,2,5,5,4,2,3,1,2024-10-12
2760,20,4,3,1,5,5,2,1,2024-10-10
2759,20,5,3,4,4,3,3,5,2024-10-08
2758,20,3,4,4,1,2,1,5,2024-10-05
2757,20,3,1,5,1,3,4,2,2024-10-03
2756,20,1,1,2,5,4,4,2,2024-10-01
2755,20,2,3,1,4,2,1,3,2024-09-28
2754,20,5,4,5,5,4,4,5,2024-09-26
2753,20,2,3,4,2,3,3,2,2024-09-24
2752,20,5,2,4,3,1,3,4,2024-09-21
2751,20,1,5,3,5,3,2,2,2024-09-19
2750,20,5,1,5,1,3,2,4,2024-09-17
2749,20,1,5,1,5,5,2,1,2024-09-14
2748,20,3,1,1,2,1,2,3,2024-09-12
2747,20,2,5,5,3,1,4,5,2024-09-10
2746,20,4,2,3,3,1,3,2,2024-09-07
2745,20,1,3,3,3,4,1,1,2024-09-05
2744,20,4,4,4,4,5,1,3,2024-09-03
2743,20,3,1,2,3,2,3,1,2024-08-31
2742,20,5,2,4,5,3,2,4,2024-08-29
2741,20,1,1,5,1,3,2,2,2024-08-27
2740,20,5,2,5,2,5,5,2,2024-08-24
2739,20,2,4,3,1,5,3,4,2024-08-22
2738,20,4,1,2,3,3,3,5,2024-08-20
2737,20,1,1,4,4,1,2,2,2024-08-17
2736,20,2,3,5,4,1,4,4,2024-08-15
2735,20,4,1,4,4,5,1,2,2024-08-13
2734,20,5,1,4,5,3,5,5,2024-08-10
2733,20,4,1,1,3,1,3,1,2024-08-08
2732,20,5,3,2,1,1,3,5,2024-08-06
2731,20,2,2,4,2,5,5,3,2024-08-03
2730,20,4,1,2,4,1,4,1,2024-08-01
2729,20,3,3,1,3,5,3,4,2024-07-30
2728,20,4,4,4,1,2,5,3,2024-07-27
2727,20,4,5,5,2,4,5,2,2024-07-25
2726,20,1,5,1,4,2,3,2,2024-07-23
2725,20,1,1,2,5,3,1,1,2024-07-20
2724,20,4,4,3,5,1,3,2,2024-07-18
2723,20,5,5,2,1,5,5,4,2024-07-16
2722,20,2,1,2,4,1,2,5,2024-07-13
2721,20,2,2,1,2,2,1,1,2024-07-11
2720,20,3,5,3,5,3,5,3,2024-07-09
2719,20,3,5,2,5,2,2,2,2024-07-06
2718,20,3,5,4,4,4,2,2,2024-07-04
2717,20,4,3,4,1,1,5,3,2024-07-02
2716,20,1,2,1,4,2,3,4,2024-06-29
2715,20,5,2,4,5,2,3,5,2024-06-27
2714,20,1,2,2,4,5,3,4,2024-06-25
2713,20,2,1,3,5,1,2,2,2024-06-22
2712,20,3,2,4,5,2,4,4,2024-06-20
2711,20,2,1,3,3,1,5,1,2024-06-18
2710,20,3,4,2,3,5,5,2,2024-06-15
2709,20,5,1,5,4,1,1,2,2024-06-13
2708,20,1,2,2,2,5,4,3,2024-06-11
2707,20,3,2,3,3,2,3,2,2024-06-08
2706,20,3,1,4,2,1,5,4,2024-06-06
2705,20,1,3,3,1,1,5,4,2024-06-04
2704,20,4,1,5,4,1,1,5,2024-06-01
2703,20,3,4,3,4,4,1,4,2024-05-30
2702,20,4,1,3,2,1,3,2,2024-05-28
2701,20,1,5,5,3,5,1,1,2024-05-25
2700,20,3,2,3,5,5,5,2,2024-05-23
2699,20,2,2,5,4,5,1,1,2024-05-21
2698,20,4,1,2,3,4,3,2,2024-05-18
2697,20,3,3,3,4,4,3,3,2024-05-16
2696,20,1,3,4,5,1,3,1,2024-05-14
2695,20,3,4,5,5,3,5,1,2024-05-11
2694,20,5,5,1,5,1,5,2,2024-05-09
2693,20,1,2,5,2,1,5,3,2024-05-07
2692,20,3,5,4,3,1,3,2,2024-05-04
2691,20,3,5,2,5,4,2,4,2024-05-02
2690,20,4,2,5,5,4,3,1,2024-04-30
2689,20,5,2,4,3,4,3,1,2024-04-27
2688,20,2,1,2,2,4,5,1,2024-04-25
2687,20,3,1,3,3,5,5,1,2024-04-23
2686,20,5,5,4,3,2,3,1,2024-04-20
2685,20,1,2,1,2,3,5,3,2024-04-18
2684,20,3,5,3,1,2,4,3,2024-04-16
2683,20,1,2,1,3,4,1,1,2024-04-13
2682,20,2,5,3,5,5,5,5,2024-04-11
2681,20,3,4,4,5,2,3,4,2024-04-09
2680,20,3,2,2,2,1,5,1,2024-04-06
2679,20,4,1,5,3,4,3,4,2024-04-04
2678,20,2,2,5,5,3,2,2,2024-04-02
2677,20,3,3,2,2,5,3,4,2024-03-30
2676,20,3,3,3,4,1,2,4,2024-03-28
2675,20,3,4,5,5,5,5,5,2024-03-26
2674,20,3,3,4,2,1,5,2,2024-03-23
2673,20,2,1,1,4,5,3,1,2024-03-21
2672,20,2,1,1,4,3,5,1,2024-03-19
2671,20,4,1,4,3,1,1,5,2024-03-16
2670,20,1,1,1,3,4,3,4,2024-03-14
2669,20,2,3,1,5,3,1,5,2024-03-12
2668,20,4,2,1,4,2,5,1,2024-03-09
2667,20,2,3,1,1,4,1,5,2024-03-07
2666,20,4,3,2,2,4,4,4,2024-03-05
2665,20,5,2,1,2,4,5,2,2024-03-02
2664,20,4,4,2,2,3,3,3,2024-02-29
2663,20,4,5,4,5,1,5,2,2024-02-27
2662,20,5,3,3,4,4,3,3,2024-02-24
2661,20,1,3,1,1,1,3,5,2024-02-22
2660,20,4,4,3,1,2,4,4,2024-02-20
2659,20,2,5,2,1,4,3,1,2024-02-17
2658,20,3,3,2,4,2,4,4,2024-02-15
2657,20,4,2,5,3,2,5,3,2024-02-13
2656,20,1,1,4,2,2,3,5,2024-02-10
2655,20,4,3,1,4,4,3,3,2024-02-08
2654,20,1,2,3,2,3,2,2,2024-02-06
2653,20,3,4,5,1,2,1,2,2024-02-03
2652,20,4,1,2,2,2,5,3,2024-02-01
2651,20,3,4,2,4,1,2,2,2024-01-30
2650,20,4,3,5,1,5,2,2,2024-01-27
2649,20,1,3,3,3,1,2,1,2024-01-25
2648,20,1,3,3,1,3,4,5,2024-01-23
2647,20,3,1,1,3,1,3,4,2024-01-20
2646,20,3,5,3,2,5,3,2,2024-01-18
2645,20,2,2,2,4,4,5,4,2024-01-16
2644,20,1,4,3,2,2,5,5,2024-01-13
2643,20,3,5,5,4,3,2,4,2024-01-11
2642,20,1,2,1,3,2,4,4,2024-01-09
2641,20,1,1,5,4,4,4,1,2024-01-06
2640,20,2,5,3,5,5,1,4,2024-01-04
2639,20,1,5,1,2,4,5,1,2024-01-02
2638,20,1,1,5,4,5,5,5,2023-12-30
2637,20,2,1,4,5,1,3,4,2023-12-28
2636,20,4,5,5,1,3,4,5,2023-12-26
2635,20,3,2,4,1,3,5,1,2023-12-23
2634,20,3,3,2,2,4,3,4,2023-12-21
2633,20,4,2,2,2,4,4,3,2023-12-19
2632,20,5,2,1,3,2,2,4,2023-12-16
2631,20,3,1,5,1,4,5,1,2023-12-14
2630,20,4,2,4,5,2,3,1,2023-12-12
2629,20,5,3,5,1,3,5,1,2023-12-09
2628,20,3,2,4,1,5,5,4,2023-12-07
2627,20,5,5,3,5,4,2,2,2023-12-05
2626,20,3,1,4,4,4,4,1,2023-12-02
2625,20,1,2,5,5,5,3,2,2023-11-30
2624,20,5,5,5,4,1,1,2,2023-11-28
2623,20,3,3,3,5,1,3,4,2023-11-25
2622,20,3,4,1,1,1,1,1,2023-11-23
2621,20,5,3,4,5,3,4,5,2023-11-21
2620,20,3,4,1,3,4,3,2,2023-11-18
2619,20,4,4,1,4,4,1,3,2023-11-16
2618,20,5,1,4,3,4,3,1,2023-11-14
2617,20,2,1,5,3,5,5,1,2023-11-11
2616,20,5,2,5,3,5,1,1,2023-11-09
2615,20,5,2,4,2,5,1,3,2023-11-07
2614,20,1,2,2,2,1,5,1,2023-11-04
2613,20,4,1,2,1,5,3,1,2023-11-02
2612,20,5,5,5,3,2,4,2,2023-10-31
2611,20,2,3,4,5,1,1,4,2023-10-28
2610,20,1,1,3,1,3,1,4,2023-10-26
2609,20,4,2,4,2,3,1,1,2023-10-24
2608,20,4,5,4,2,5,2,4,2023-10-21
2607,20,3,3,1,5,2,5,2,2023-10-19
2606,20,3,2,3,1,5,1,2,2023-10-17
2605,20,3,2,3,4,3,1,5,2023-10-14
2604,20,1,2,1,3,3,4,5,2023-10-12
2603,20,3,4,5,3,1,3,4,2023-10-10
2602,20,3,3,1,5,1,1,1,2023-10-07
2601,20,5,2,2,3,4,1,4,2023-10-05
2600,20,1,1,3,2,3,1,3,2023-10-03
2599,20,4,2,2,1,3,3,3,2023-09-30
2598,20,5,2,2,2,3,5,2,2023-09-28
2597,20,1,5,5,3,2,2,1,2023-09-26
2596,20,5,2,5,3,4,1,1,2023-09-23
2595,20,5,1,2,3,2,2,2,2023-09-21
2594,20,5,3,5,3,3,4,1,2023-09-19
2593,20,2,1,1,1,4,2,4,2023-09-16
2592,20,5,3,2,2,4,2,5,2023-09-14
2591,20,2,1,3,1,5,2,4,2023-09-12
2590,20,1,1,3,1,4,5,2,2023-09-09
2589,20,3,4,5,1,4,3,5,2023-09-07
2588,20,4,5,5,2,4,3,5,2023-09-05
2587,20,4,4,1,3,3,2,5,2023-09-02
2586,20,4,5,1,5,1,5,1,2023-08-31
2585,20,4,1,1,4,4,1,1,2023-08-29
2584,20,3,3,2,3,4,5,2,2023-08-26
2583,20,4,2,1,1,2,2,2,2023-08-24
2582,20,5,3,2,4,2,1,5,2023-08-22
2581,20,5,1,5,4,5,4,1,2023-08-19
2580,20,3,5,3,4,5,2,1,2023-08-17
2579,20,4,2,4,1,1,1,2,2023-08-15
2578,20,4,3,3,5,2,5,5,2023-08-12
2577,20,5,5,1,4,1,1,2,2023-08-10
2576,20,3,3,3,4,4,1,5,2023-08-08
2575,20,2,1,1,1,2,5,1,2023-08-05
2574,20,1,1,4,3,5,4,4,2023-08-03
2573,20,2,5,4,2,5,1,3,2023-08-01
2572,20,5,5,2,2,5,5,1,2023-07-29
2571,20,1,3,5,5,3,3,3,2023-07-27
2570,20,3,3,1,1,3,2,1,2023-07-25
2569,20,1,1,5,3,5,1,3,2023-07-22
2568,20,1,4,4,1,5,1,4,2023-07-20
2567,20,2,2,4,1,5,4,4,2023-07-18
2566,20,1,2,1,2,3,4,4,2023-07-15
2565,20,4,3,2,2,5,3,1,2023-07-13
2564,20,3,5,2,4,4,4,3,2023-07-11
2563,20,2,2,4,3,3,2,2,2023-07-08
2562,20,5,1,5,5,4,2,3,2023-07-06
2561,20,4,5,3,2,3,3,1,2023-07-04
2560,20,3,5,1,2,4,2,2,2023-07-01
2559,20,3,4,1,2,3,5,5,2023-06-29
2558,20,4,3,5,4,1,2,2,2023-06-27
2557,20,3,5,1,5,2,4,4,2023-06-24
2556,20,5,1,3,3,1,1,3,2023-06-22
2555,20,2,5,2,4,1,2,4,2023-06-20
2554,20,5,4,5,3,4,1,5,2023-06-17
2553,20,4,3,1,4,2,3,3,2023-06-15
2552,20,1,3,3,1,3,1,4,2023-06-13
2551,20,4,1,5,2,2,5,5,2023-06-10
2550,20,1,1,1,1,3,3,1,2023-06-08
2549,20,5,1,1,4,2,4,2,2023-06-06
2548,20,3,1,3,3,5,5,2,2023-06-03
2547,20,4,1,4,1,4,3,2,2023-06-01
2546,20,2,5,3,3,2,1,1,2023-05-30
2545,20,5,4,4,3,4,1,5,2023-05-27
2544,20,2,3,5,1,5,5,2,2023-05-25
2543,20,2,1,4,3,1,2,5,2023-05-23
2542,20,3,1,3,4,2,5,5,2023-05-20
2541,20,5,3,1,2,2,2,5,2023-05-18
2540,20,2,3,1,5,3,2,1,2023-05-16
2539,20,5,3,4,4,5,4,4,2023-05-13
2538,20,1,1,3,4,2,5,5,2023-05-11
2537,20,5,4,4,4,1,3,1,2023-05-09
2536,20,3,4,5,2,5,1,3,2023-05-06
2535,20,3,3,1,1,1,4,3,2023-05-04
2534,20,5,2,4,3,3,2,1,2023-05-02
2533,20,1,2,4,1,1,1,1,2023-04-29
2532,20,4,5,2,5,5,3,1,2023-04-27
2531,20,4,2,2,1,5,3,4,2023-04-25
2530,20,2,3,2,3,4,2,5,2023-04-22
2529,20,3,5,4,5,3,3,5,2023-04-20
2528,20,1,4,3,4,1,4,3,2023-04-18
2527,20,1,2,4,4,1,1,4,2023-04-15
2526,20,2,3,5,3,3,2,2,2023-04-13
2525,20,3,1,1,1,2,4,5,2023-04-11
2524,20,2,2,2,1,2,3,4,2023-04-08
2523,20,3,4,1,5,1,3,2,2023-04-06
2522,20,3,1,3,4,5,5,2,2023-04-04
2521,20,3,5,2,3,2,1,2,2023-04-01
2520,20,1,5,4,5,1,4,2,2023-03-30
2519,20,1,5,2,5,5,2,3,2023-03-28
2518,20,2,3,1,4,1,5,1,2023-03-25
2517,20,5,4,1,5,2,4,2,2023-03-23
2516,20,2,4,3,2,3,1,2,2023-03-21
2515,20,4,2,3,1,4,4,3,2023-03-18
2514,20,5,1,4,3,2,2,4,2023-03-16
2513,20,4,5,5,3,5,3,1,2023-03-14
2512,20,4,2,3,4,4,5,3,2023-03-11
2511,20,3,2,5,5,5,2,3,2023-03-09
2510,20,1,2,3,4,4,1,3,2023-03-07
2509,20,1,3,1,3,4,3,5,2023-03-04
2508,20,2,4,4,5,2,1,1,2023-03-02
2507,20,4,4,5,2,1,1,2,2023-02-28
2506,20,2,2,2,1,1,2,2,2023-02-25
2505,20,3,2,5,1,2,4,2,2023-02-23
2504,20,3,1,4,2,2,5,4,2023-02-21
2503,20,1,2,2,5,2,1,1,2023-02-18
2502,20,3,5,1,2,4,3,2,2023-02-16
2501,20,5,2,2,5,3,1,3,2023-02-14
2500,20,4,2,3,4,4,3,4,2023-02-11
2499,20,2,1,2,2,1,4,4,2023-02-09
2498,20,2,5,4,2,5,3,3,2023-02-07
2497,20,3,2,5,2,2,5,2,2023-02-04
2496,20,1,4,1,1,2,1,1,2023-02-02
2495,20,2,1,4,2,1,3,2,2023-01-31
2494,20,4,5,1,1,4,4,3,2023-01-28
2493,20,5,4,3,2,5,4,2,2023-01-26
2492,20,3,2,3,4,1,3,1,2023-01-24
2491,20,4,4,1,2,2,1,3,2023-01-21
2490,20,5,2,3,3,2,5,4,2023-01-19
2489,20,4,2,1,4,1,4,5,2023-01-17
2488,20,4,2,2,2,5,1,2,2023-01-14
2487,20,5,5,2,4,1,3,4,2023-01-12
2486,20,5,1,2,4,5,1,1,2023-01-10
2485,20,4,5,5,2,4,2,3,2023-01-07
2484,20,5,1,1,4,2,1,1,2023-01-05
2483,20,3,3,3,3,2,2,2,2023-01-03
2482,20,3,3,4,1,2,2,1,2022-12-31
2481,20,4,4,4,2,1,3,3,2022-12-29
2480,20,5,5,4,1,3,1,1,2022-12-27
2479,20,5,2,3,1,2,1,2,2022-12-24
2478,20,5,4,3,3,2,2,1,2022-12-22
2477,20,2,2,3,4,5,5,1,2022-12-20
2476,20,2,1,1,3,4,1,2,2022-12-17
2475,20,5,3,1,4,4,2,1,2022-12-15
2474,20,1,5,4,1,4,5,5,2022-12-13
2473,20,4,3,2,3,3,1,5,2022-12-10
2472,20,3,3,2,3,5,4,3,2022-12-08
2471,20,5,2,2,3,5,3,5,2022-12-06
2470,20,5,2,2,2,4,2,4,2022-12-03
2469,20,4,5,4,3,1,5,3,2022-12-01
2468,20,3,5,1,4,1,1,2,2022-11-29
2467,20,4,4,1,5,1,5,1,2022-11-26
2466,20,5,1,4,2,5,2,4,2022-11-24
2465,20,4,4,2,2,4,3,2,2022-11-22
2464,20,1,2,5,5,3,1,3,2022-11-19
2463,20,3,3,5,1,3,3,2,2022-11-17
2462,20,5,5,4,5,5,4,2,2022-11-15
2461,20,1,3,4,1,1,2,2,2022-11-12
2460,20,5,3,5,2,2,2,4,2022-11-10
2459,20,2,5,1,3,2,3,2,2022-11-08
2458,20,1,3,4,2,3,5,3,2022-11-05
2457,20,2,5,4,2,1,2,1,2022-11-03
2456,20,2,2,2,1,5,2,4,2022-11-01
2455,20,2,1,5,4,3,1,2,2022-10-29
2454,20,4,5,5,3,1,4,2,2022-10-27
2453,20,3,5,5,2,2,1,1,2022-10-25
2452,20,5,4,4,4,2,5,2,2022-10-22
2451,20,2,5,4,5,4,4,3,2022-10-20
2450,20,2,3,4,5,2,1,2,2022-10-18
2449,20,1,1,5,4,1,1,1,2022-10-15
2448,20,4,5,4,2,1,4,1,2022-10-13
2447,20,4,2,4,3,4,1,5,2022-10-11
2446,20,5,2,4,3,4,4,2,2022-10-08
2445,20,4,3,4,3,1,3,5,2022-10-06
2444,20,1,5,2,5,3,1,3,2022-10-04
2443,20,3,3,3,2,4,3,5,2022-10-01
2442,20,5,3,1,3,3,2,5,2022-09-29
2441,20,3,3,5,3,1,3,1,2022-09-27
2440,20,4,1,1,4,3,3,5,2022-09-24
2439,20,4,5,4,5,2,1,2,2022-09-22
2438,20,2,5,3,5,3,4,3,2022-09-20
2437,20,4,5,1,1,3,2,5,2022-09-17
2436,20,2,5,5,4,2,2,1,2022-09-15
2435,20,3,4,1,2,2,2,1,2022-09-13
2434,20,2,1,2,2,2,4,3,2022-09-10
2433,20,5,3,1,2,1,2,4,2022-09-08
2432,20,4,5,1,1,3,4,2,2022-09-06
2431,20,5,4,5,1,1,1,2,2022-09-03
2430,20,3,3,3,1,2,2,5,2022-09-01
2429,20,1,1,5,4,1,4,1,2022-08-30
2428,20,1,5,2,1,4,2,3,2022-08-27
2427,20,4,2,5,3,4,4,5,2022-08-25
2426,20,3,2,1,4,2,1,3,2022-08-23
2425,20,2,2,2,1,3,1,4,2022-08-20
2424,20,3,5,1,1,4,4,2,2022-08-18
2423,20,2,5,1,1,2,4,2,2022-08-16
2422,20,4,3,2,5,2,4,1,2022-08-13
2421,20,3,2,4,4,5,2,4,2022-08-11
2420,20,4,3,5,1,1,2,4,2022-08-09
2419,20,5,1,5,1,4,4,5,2022-08-06
2418,20,1,1,5,1,2,5,1,2022-08-04
2417,20,3,3,3,4,2,5,1,2022-08-02
2416,20,2,1,1,2,2,2,3,2022-07-30
2415,20,1,1,3,1,3,4,1,2022-07-28
2414,20,2,1,4,2,3,2,4,2022-07-26
2413,20,2,4,4,3,3,1,5,2022-07-23
2412,20,5,4,2,1,4,2,5,2022-07-21
2411,20,2,5,3,1,4,5,5,2022-07-19
2410,20,5,3,3,2,4,2,3,2022-07-16
2409,20,5,3,2,1,2,4,5,2022-07-14
2408,20,1,3,2,3,3,2,5,2022-07-12
2407,20,2,5,4,1,4,1,1,2022-07-09
2406,20,1,1,1,3,5,2,1,2022-07-07
2405,20,1,2,3,1,3,1,1,2022-07-05
2404,20,5,2,4,5,2,1,3,2022-07-02
2403,20,1,5,4,5,2,4,1,2022-06-30
2402,20,5,2,4,3,1,2,3,2022-06-28
2401,20,2,1,5,5,1,2,3,2022-06-25
2400,20,1,3,1,1,5,3,5,2022-06-23
2399,20,2,3,3,4,5,4,4,2022-06-21
2398,20,1,2,5,5,5,1,2,2022-06-18
2397,20,1,2,4,1,1,5,3,2022-06-16
2396,20,4,3,3,3,1,3,4,2022-06-14
2395,20,4,5,5,4,1,1,4,2022-06-11
2394,20,2,4,1,2,4,5,2,2022-06-09
2393,20,3,3,5,4,1,2,2,2022-06-07
2392,20,4,4,4,5,3,5,5,2022-06-04
2391,20,3,5,5,3,5,5,3,2022-06-02
2390,20,3,3,5,4,5,1,4,2022-05-31
2389,20,1,2,1,3,1,1,3,2022-05-28
2388,20,4,2,4,3,1,5,3,2022-05-26
2387,20,5,2,5,3,3,1,3,2022-05-24
2386,20,3,1,2,4,4,3,2,2022-05-21
2385,20,5,5,2,5,2,2,5,2022-05-19
2384,20,1,2,5,5,5,3,4,2022-05-17
2383,20,1,3,2,5,5,4,4,2022-05-14
2382,20,5,5,5,5,5,5,5,2022-05-12
2381,20,2,4,1,3,2,1,1,2022-05-10
2380,20,2,4,4,1,1,2,5,2022-05-07
2379,20,2,1,3,3,3,5,3,2022-05-05
2378,20,5,1,4,2,4,4,1,2022-05-03
2377,20,2,1,3,2,2,2,2,2022-04-30
2376,20,2,5,2,5,5,1,5,2022-04-28
2375,20,1,5,3,5,5,2,1,2022-04-26
2374,20,1,4,5,4,4,1,3,2022-04-23
2373,20,4,5,3,4,3,2,1,2022-04-21
2372,20,4,3,5,1,3,1,1,2022-04-19
2371,20,5,3,3,2,5,2,3,2022-04-16
2370,20,2,1,2,5,3,4,3,2022-04-14
2369,20,2,5,1,2,3,3,5,2022-04-12
2368,20,3,3,5,3,2,1,5,2022-04-09
2367,20,3,5,5,4,4,2,4,2022-04-07
2366,20,1,2,4,4,3,3,3,2022-04-05
2365,20,1,1,5,5,5,5,2,2022-04-02
2364,20,2,4,2,1,3,5,1,2022-03-31
2363,20,3,2,2,1,3,1,5,2022-03-29
2362,20,1,3,5,4,5,4,3,2022-03-26
2361,20,1,2,1,2,1,1,4,2022-03-24
2360,20,5,3,2,3,1,4,1,2022-03-22
2359,20,5,3,4,4,2,5,1,2022-03-19
2358,20,5,1,2,1,1,4,5,2022-03-17
2357,20,5,1,1,3,2,5,3,2022-03-15
2356,20,5,4,4,5,5,5,3,2022-03-12
2355,20,4,5,2,4,3,3,2,2022-03-10
2354,20,4,3,4,4,3,5,3,2022-03-08
2353,20,4,2,5,3,5,5,5,2022-03-05
2352,20,1,3,4,3,1,5,5,2022-03-03
2351,20,2,2,3,1,3,4,2,2022-03-01
2350,20,1,4,1,1,4,2,4,2022-02-26
2349,20,2,5,3,3,5,5,1,2022-02-24
2348,20,4,4,3,2,1,4,5,2022-02-22
2347,20,5,1,5,3,4,4,5,2022-02-19
2346,20,2,4,1,4,5,2,1,2022-02-17
2345,20,4,3,2,1,1,4,4,2022-02-15
2344,20,5,1,5,4,4,2,5,2022-02-12
2343,20,2,2,2,5,2,1,4,2022-02-10
2342,20,4,1,3,3,3,3,5,2022-02-08
2341,20,2,1,5,1,1,4,2,2022-02-05
2340,20,5,4,5,2,2,1,2,2022-02-03
2339,20,1,4,4,1,2,5,1,2022-02-01
2338,20,3,2,3,3,4,4,3,2022-01-29
2337,20,5,4,3,2,5,5,3,2022-01-27
2336,20,4,1,3,3,3,1,1,2022-01-25
2335,20,4,2,2,3,2,5,4,2022-01-22
2334,20,5,2,2,5,5,1,5,2022-01-20
2333,20,3,1,3,4,4,3,2,2022-01-18
2332,20,2,1,3,2,3,2,5,2022-01-15
2331,20,3,3,2,1,5,1,4,2022-01-13
2330,20,4,4,3,5,4,2,2,2022-01-11
2329,20,1,2,5,2,1,3,2,2022-01-08
2328,20,3,1,2,5,2,1,4,2022-01-06
2327,20,1,1,5,1,2,3,4,2022-01-04
2326,20,2,3,2,4,4,5,3,2022-01-01
2325,20,4,5,5,5,2,3,2,2021-12-30
2324,20,5,4,3,3,3,3,3,2021-12-28
2323,20,2,5,1,1,1,5,4,2021-12-25
2322,20,2,2,5,3,1,1,1,2021-12-23
2321,20,4,1,3,2,1,2,5,2021-12-21
2320,20,1,1,1,2,3,5,3,2021-12-18
2319,20,2,5,3,4,5,3,3,2021-12-16
2318,20,3,1,3,5,3,3,1,2021-12-14
2317,20,3,5,3,2,2,4,5,2021-12-11
2316,20,1,1,3,2,5,1,4,2021-12-09
2315,20,3,3,5,3,4,5,4,2021-12-07
2314,20,2,5,4,2,5,3,5,2021-12-04
2313,20,1,2,4,3,2,4,4,2021-12-02
2312,20,5,5,3,1,2,1,1,2021-11-30
2311,20,5,1,2,5,4,3,1,2021-11-27
2310,20,2,1,4,4,4,4,2,2021-11-25
2309,20,1,5,3,4,4,1,4,2021-11-23
2308,20,1,5,4,3,5,1,3,2021-11-20
2307,20,4,1,1,5,4,3,3,2021-11-18
2306,20,4,2,4,3,4,3,3,2021-11-16
2305,20,4,2,2,1,5,1,2,2021-11-13
2304,20,3,4,1,3,2,3,4,2021-11-11
2303,20,4,3,4,4,2,2,1,2021-11-09
2302,20,5,3,3,1,3,4,3,2021-11-06
2301,20,4,4,3,3,4,5,2,2021-11-04
2300,20,5,2,3,1,1,1,2,2021-11-02
2299,20,2,5,1,2,5,3,5,2021-10-30
2298,20,3,5,3,4,4,4,3,2021-10-28
2297,20,5,5,5,2,5,2,5,2021-10-26
2296,20,4,1,1,1,3,4,1,2021-10-23
2295,20,3,5,5,2,3,5,3,2021-10-21
2294,20,4,3,4,3,5,3,4,2021-10-19
2293,20,1,4,5,2,2,1,4,2021-10-16
2292,20,2,1,4,1,1,4,3,2021-10-14
2291,20,3,4,1,1,2,3,2,2021-10-12
2290,20,4,2,4,4,2,4,5,2021-10-09
2289,20,5,3,3,4,3,4,4,2021-10-07
2288,20,1,5,2,1,2,5,2,2021-10-05
2287,20,4,3,5,3,3,4,1,2021-10-02
2286,20,3,3,2,5,3,1,2,2021-09-30
2285,20,2,4,1,4,1,2,5,2021-09-28
2284,20,2,4,5,5,4,5,2,2021-09-25
2283,20,3,5,4,3,1,3,4,2021-09-23
2282,20,1,4,2,5,5,4,4,2021-09-21
2281,20,2,5,2,4,5,4,1,2021-09-18
2280,20,1,5,2,5,5,1,1,2021-09-16
2279,20,5,3,1,2,5,4,1,2021-09-14
2278,20,3,5,2,5,4,1,1,2021-09-11
2277,20,5,1,3,1,5,5,3,2021-09-09
2276,20,3,3,3,1,4,3,1,2021-09-07
2275,20,2,3,5,4,3,5,2,2021-09-04
2274,20,2,5,5,2,2,1,1,2021-09-02
2273,20,2,1,3,4,1,4,2,2021-08-31
2272,20,2,2,5,2,5,1,1,2021-08-28
2271,20,3,1,1,5,2,4,1,2021-08-26
2270,20,5,5,1,3,3,4,4,2021-08-24
2269,20,3,4,1,3,4,3,1,2021-08-21
2268,20,4,4,2,3,3,1,2,2021-08-19
2267,20,1,2,4,4,4,3,4,2021-08-17
2266,20,4,3,3,5,3,4,5,2021-08-14
2265,20,5,5,3,4,1,5,1,2021-08-12
2264,20,3,5,4,2,4,4,1,2021-08-10
2263,20,1,3,3,5,2,1,5,2021-08-07
2262,20,1,5,1,2,3,5,4,2021-08-05
2261,20,3,2,3,3,3,1,5,2021-08-03
2260,20,3,3,3,1,5,1,2,2021-07-31
2259,20,4,2,4,1,3,5,1,2021-07-29
2258,20,2,1,2,5,1,3,3,2021-07-27
2257,20,2,4,1,2,4,5,2,2021-07-24
2256,20,1,4,5,5,1,3,5,2021-07-22
2255,20,5,5,5,4,2,5,4,2021-07-20
2254,20,4,1,3,2,3,4,1,2021-07-17
2253,20,4,2,2,3,4,4,1,2021-07-15
2252,20,5,2,2,5,5,4,2,2021-07-13
2251,20,4,5,4,4,2,3,5,2021-07-10
2250,20,2,3,2,4,1,5,3,2021-07-08
2249,20,3,5,4,1,2,1,5,2021-07-06
2248,20,2,4,2,3,2,3,2,2021-07-03
2247,20,1,4,3,5,1,4,3,2021-07-01
2246,20,5,5,4,4,5,1,4,2021-06-29
2245,20,4,1,5,3,1,2,5,2021-06-26
2244,20,5,5,5,1,2,2,1,2021-06-24
2243,20,1,1,1,1,4,5,1,2021-06-22
2242,20,2,2,1,3,3,2,4,2021-06-19
2241,20,1,1,1,2,3,4,1,2021-06-17
2240,20,5,3,5,4,2,3,5,2021-06-15
2239,20,4,1,4,4,1,2,2,2021-06-12
2238,20,2,5,3,4,4,2,2,2021-06-10
2237,20,1,2,4,5,5,4,4,2021-06-08
2236,20,2,4,5,2,2,5,1,2021-06-05
2235,20,5,1,2,2,5,2,1,2021-06-03
2234,20,3,5,5,5,2,3,2,2021-06-01
2233,20,3,5,5,2,1,5,5,2021-05-29
2232,20,5,1,4,5,4,3,3,2021-05-27
2231,20,2,4,3,5,1,3,2,2021-05-25
2230,20,5,2,1,4,3,5,5,2021-05-22
2229,20,1,2,1,5,3,1,2,2021-05-20
2228,20,2,4,2,1,2,1,4,2021-05-18
2227,20,4,5,3,4,1,3,1,2021-05-15
2226,20,2,4,1,2,2,2,4,2021-05-13
2225,20,4,3,1,1,3,1,4,2021-05-11
2224,20,4,1,2,2,3,3,5,2021-05-08
2223,20,2,3,3,5,5,3,3,2021-05-06
2222,20,5,2,2,3,3,4,5,2021-05-04
2221,20,4,3,3,2,3,1,2,2021-05-01
2220,20,2,5,3,5,1,4,5,2021-04-29
2219,20,1,5,2,1,2,4,3,2021-04-27
2218,20,4,2,3,2,2,5,5,2021-04-24
2217,20,4,2,4,4,1,2,2,2021-04-22
2216,20,5,5,5,1,4,5,2,2021-04-20
2215,20,1,2,3,1,2,4,1,2021-04-17
2214,20,5,2,1,3,3,3,5,2021-04-15
2213,20,3,3,3,4,1,4,5,2021-04-13
2212,20,3,5,4,3,2,3,4,2021-04-10
2211,20,4,5,2,5,1,5,2,2021-04-08
2210,20,5,3,2,4,1,4,5,2021-04-06
2209,20,4,1,3,4,2,1,3,2021-04-03
2208,20,3,5,1,3,4,3,5,2021-04-01
2207,20,3,2,4,4,4,1,3,2021-03-30
2206,20,4,2,5,1,2,3,1,2021-03-27
2205,20,2,5,4,5,2,3,4,2021-03-25
2204,20,3,5,5,1,1,2,5,2021-03-23
2203,20,5,2,3,3,4,5,4,2021-03-20
2202,20,3,5,4,2,1,4,3,2021-03-18
2201,20,1,5,1,1,4,3,4,2021-03-16
2200,20,3,3,1,5,5,4,4,2021-03-13
2199,20,3,2,5,4,4,1,5,2021-03-11
2198,20,3,5,5,2,5,3,1,2021-03-09
2197,20,3,2,1,1,5,5,1,2021-03-06
2196,20,5,5,4,5,4,1,1,2021-03-04
2195,20,3,3,4,1,2,1,4,2021-03-02
2194,20,2,1,4,1,3,4,2,2021-02-27
2193,20,1,5,1,2,1,3,3,2021-02-25
2192,20,5,2,5,5,2,2,2,2021-02-23
2191,20,2,1,5,3,3,1,5,2021-02-20
2190,20,4,4,1,3,5,2,5,2021-02-18
2189,20,2,2,3,2,1,1,4,2021-02-16
2188,20,2,4,3,1,2,5,5,2021-02-13
2187,20,5,4,4,1,5,2,2,2021-02-11
2186,20,3,5,5,4,2,4,5,2021-02-09
2185,20,4,3,5,3,2,2,3,2021-02-06
2184,20,4,2,4,5,1,3,4,2021-02-04
2183,20,1,4,3,2,3,5,3,2021-02-02
2182,20,1,4,4,5,5,4,5,2021-01-30
2181,20,2,4,2,2,5,1,3,2021-01-28
2180,20,5,5,3,3,1,3,4,2021-01-26
2179,20,3,4,5,3,4,3,5,2021-01-23
2178,20,1,1,4,1,4,3,3,2021-01-21
2177,20,4,4,3,4,3,4,2,2021-01-19
2176,20,5,4,1,5,2,4,3,2021-01-16
2175,20,5,1,4,3,3,2,5,2021-01-14
2174,20,4,4,3,4,3,1,3,2021-01-12
2173,20,5,2,1,1,3,4,3,2021-01-09
2172,20,5,1,2,2,2,2,3,2021-01-07
2171,20,3,3,1,1,2,1,5,2021-01-05
2170,20,5,2,3,4,1,5,4,2021-01-02
2169,20,5,4,5,3,4,1,2,2020-12-31
2168,20,4,1,3,4,3,2,5,2020-12-29
2167,20,2,3,5,4,5,4,5,2020-12-26
2166,20,2,4,2,3,2,1,4,2020-12-24
2165,20,4,1,2,5,3,2,2,2020-12-22
2164,20,5,5,1,2,3,4,3,2020-12-19
2163,20,5,1,4,5,1,1,2,2020-12-17
2162,20,2,2,5,2,2,4,3,2020-12-15
2161,20,1,1,1,5,3,4,2,2020-12-12
2160,20,4,1,3,2,3,2,4,2020-12-10
2159,20,1,2,2,3,3,1,1,2020-12-08
2158,20,3,1,2,5,3,5,1,2020-12-05
2157,20,4,3,4,1,3,2,3,2020-12-03
2156,20,4,4,4,4,5,2,5,2020-12-01
2155,20,1,5,4,1,5,4,2,2020-11-28
2154,20,3,3,1,1,2,5,1,2020-11-26
2153,20,5,3,4,4,1,1,2,2020-11-24
2152,20,4,4,3,1,1,3,5,2020-11-21
2151,20,1,1,3,4,5,2,2,2020-11-19
2150,20,1,5,3,5,3,4,1,2020-11-17
2149,20,3,1,4,5,2,2,4,2020-11-14
2148,20,4,5,2,4,5,1,4,2020-11-12
2147,20,1,5,1,3,5,2,2,2020-11-10
2146,20,3,4,3,1,1,2,1,2020-11-07
2145,20,3,5,3,3,2,2,2,2020-11-05
2144,20,3,5,5,5,2,3,3,2020-11-03
2143,20,3,2,5,1,1,2,1,2020-10-31
2142,20,4,2,5,4,4,2,4,2020-10-29
2141,20,3,2,2,1,2,4,3,2020-10-27
2140,20,2,3,1,4,2,2,1,2020-10-24
2139,20,3,2,3,5,2,5,1,2020-10-22
2138,20,2,4,3,1,1,2,1,2020-10-20
2137,20,5,4,1,2,1,5,2,2020-10-17
2136,20,1,4,3,3,1,2,3,2020-10-15
2135,20,2,5,1,4,5,2,1,2020-10-13
2134,20,2,5,3,3,3,4,4,2020-10-10
2133,20,4,2,3,2,4,2,2,2020-10-08
2132,20,5,3,4,5,2,1,3,2020-10-06
2131,20,5,5,2,2,2,1,1,2020-10-03
2130,20,2,5,3,2,1,5,2,2020-10-01
2129,20,2,1,3,5,5,3,4,2020-09-29
2128,20,4,5,2,1,4,3,4,2020-09-26
2127,20,1,4,5,4,1,4,1,2020-09-24
2126,20,3,3,3,5,1,5,1,2020-09-22
2125,20,3,3,5,5,3,1,1,2020-09-19
2124,20,1,4,5,2,1,3,4,2020-09-17
2123,20,2,1,3,2,4,2,3,2020-09-15
2122,20,4,3,4,1,3,1,2,2020-09-12
2121,20,2,4,4,1,3,4,5,2020-09-10
2120,20,2,3,1,2,5,4,2,2020-09-08
2119,20,3,5,3,5,3,5,4,2020-09-05
2118,20,3,2,2,3,2,4,3,2020-09-03
2117,20,2,5,1,5,3,5,5,2020-09-01
2116,20,2,2,3,4,2,1,4,2020-08-29
2115,20,1,2,1,5,3,5,4,2020-08-27
2114,20,5,3,5,1,1,5,4,2020-08-25
2113,20,3,5,5,1,3,3,5,2020-08-22
2112,20,3,1,3,3,1,4,2,2020-08-20
2111,20,2,4,4,2,1,4,4,2020-08-18
2110,20,1,5,1,1,2,1,1,2020-08-15
2109,20,5,3,5,2,1,5,5,2020-08-13
2108,20,3,3,1,2,2,3,2,2020-08-11
2107,20,1,5,1,2,5,5,4,2020-08-08
2106,20,2,2,3,3,5,4,1,2020-08-06
2105,20,2,5,5,4,5,2,5,2020-08-04
2104,20,5,4,5,5,5,5,1,2020-08-01
2103,20,5,1,2,1,2,5,2,2020-07-30
2102,20,3,1,4,4,1,2,3,2020-07-28
2101,20,1,5,3,3,3,1,2,2020-07-25
2100,20,5,5,2,3,3,1,4,2020-07-23
2099,20,4,1,2,3,1,1,4,2020-03-31
2098,20,2,3,3,5,5,2,2,2020-03-28
2097,20,3,1,5,5,4,4,1,2020-03-26
2096,20,1,5,5,4,3,3,1,2020-03-24
2095,20,2,4,4,5,4,5,4,2020-03-21
2094,20,5,5,4,5,3,4,3,2020-03-19
2093,20,5,2,2,5,5,5,1,2020-03-17
2092,20,5,1,4,2,4,1,2,2020-03-14
2091,20,4,4,2,1,3,5,4,2020-03-12
2090,20,3,5,4,2,3,1,4,2020-03-10
2089,20,5,3,2,2,1,5,2,2020-03-07
2088,20,5,4,5,5,2,3,2,2020-03-05
2087,20,5,3,3,4,4,2,5,2020-03-03
2086,20,4,4,4,1,5,4,1,2020-02-29
2085,20,2,1,2,5,2,3,2,2020-02-27
2084,20,3,2,5,3,5,1,1,2020-02-25
2083,20,1,4,3,4,2,5,4,2020-02-22
2082,20,3,5,2,3,1,4,3,2020-02-20
2081,20,1,2,3,1,1,4,1,2020-02-18
2080,20,5,4,3,5,4,2,5,2020-02-15
2079,20,2,5,5,5,4,1,5,2020-02-13
2078,20,4,5,3,2,1,4,4,2020-02-11
2077,20,3,5,5,3,1,5,2,2020-02-08
2076,20,4,4,3,5,2,2,4,2020-02-06
2075,20,2,3,4,2,2,1,2,2020-02-04
2074,20,5,2,1,2,4,4,4,2020-02-01
2073,20,2,4,1,5,1,3,2,2020-01-30
2072,20,2,3,4,1,3,3,1,2020-01-28
2071,20,2,5,1,1,2,2,3,2020-01-25
2070,20,5,1,3,4,4,5,5,2020-01-23
2069,20,2,2,3,4,5,1,3,2020-01-21
2068,20,1,1,1,3,4,3,4,2020-01-18
2067,20,5,2,3,3,5,5,1,2020-01-16
2066,20,5,2,1,2,3,3,5,2020-01-14
2065,20,3,1,4,1,5,3,3,2020-01-11
2064,20,5,4,2,2,1,5,5,2020-01-09
2063,20,4,5,3,2,4,1,5,2020-01-07
2062,20,4,5,2,4,2,1,3,2020-01-04
2061,20,1,2,4,3,5,2,2,2020-01-02
2060,20,1,4,2,3,1,2,4,2019-12-31
2059,20,4,2,2,3,2,3,4,2019-12-28
2058,20,4,1,4,4,3,4,3,2019-12-26
2057,20,5,1,2,2,2,4,1,2019-12-24
2056,20,2,1,4,5,1,4,1,2019-12-21
2055,20,3,3,4,2,5,3,4,2019-12-19
2054,20,3,4,2,5,2,3,2,2019-12-17
2053,20,3,2,2,2,1,1,2,2019-12-14
2052,20,3,5,5,2,1,3,4,2019-12-12
2051,20,1,3,5,1,2,3,4,2019-12-10
2050,20,5,3,1,1,4,3,2,2019-12-07
2049,20,1,4,3,1,3,2,3,2019-12-05
2048,20,1,2,3,5,4,4,5,2019-12-03
2047,20,5,1,1,4,5,5,1,2019-11-30
2046,20,5,3,1,4,1,5,5,2019-11-28
2045,20,4,1,1,4,3,4,4,2019-11-26
2044,20,5,2,3,3,1,2,2,2019-11-23
2043,20,5,4,4,1,4,3,5,2019-11-21
2042,20,1,2,1,1,1,4,5,2019-11-19
2041,20,3,4,1,3,4,2,5,2019-11-16
2040,20,2,2,4,3,5,2,4,2019-11-14
2039,20,5,5,1,5,1,5,3,2019-11-12
2038,20,1,2,3,2,1,3,2,2019-11-09
2037,20,4,1,5,1,3,5,4,2019-11-07
2036,20,4,5,1,1,3,4,2,2019-11-05
2035,20,3,5,3,3,4,4,3,2019-11-02
2034,20,5,2,5,1,5,1,5,2019-10-31
2033,20,1,4,3,3,2,3,5,2019-10-29
2032,20,5,5,2,2,4,3,1,2019-10-26
2031,20,2,2,4,2,3,2,1,2019-10-24
2030,20,2,5,1,3,4,4,4,2019-10-22
2029,20,5,4,4,3,3,1,2,2019-10-19
2028,20,4,5,2,2,4,2,3,2019-10-17
2027,20,1,3,1,2,3,5,2,2019-10-15
2026,20,5,1,5,1,5,4,4,2019-10-12
2025,20,2,4,1,2,2,5,3,2019-10-10
2024,20,5,2,1,4,1,1,1,2019-10-08
2023,20,2,3,3,3,2,4,3,2019-10-05
2022,20,3,5,1,5,5,5,3,2019-10-03
2021,20,4,1,3,1,2,2,4,2019-10-01
2020,20,5,5,1,3,5,5,3,2019-09-28
2019,20,3,2,4,3,3,5,1,2019-09-26
2018,20,2,4,5,2,5,3,5,2019-09-24
2017,20,3,4,3,3,1,4,2,2019-09-21
2016,20,2,5,5,3,2,5,5,2019-09-19
2015,20,4,2,1,1,4,1,3,2019-09-17
2014,20,3,3,1,1,4,3,4,2019-09-14
2013,20,3,1,3,3,5,4,1,2019-09-12
2012,20,5,1,2,2,1,1,3,2019-09-10
2011,20,4,1,4,4,4,4,1,2019-09-07
2010,20,3,2,3,1,3,5,2,2019-09-05
2009,20,5,3,3,1,4,1,1,2019-09-03
2008,20,1,2,5,5,3,1,2,2019-08-31
2007,20,4,4,4,1,5,4,1,2019-08-29
2006,20,2,3,4,5,5,4,4,2019-08-27
2005,20,5,4,2,5,4,1,4,2019-08-24
2004,20,4,4,2,4,2,5,2,2019-08-22
2003,20,2,5,4,4,2,5,2,2019-08-20
2002,20,2,2,5,2,5,4,1,2019-08-17
2001,20,4,4,5,5,2,2,1,2019-08-15
2000,20,2,2,5,3,5,2,5,2019-08-13
1999,20,3,4,4,1,1,5,1,2019-08-10
1998,20,5,2,2,2,5,1,4,2019-08-08
1997,20,1,2,2,4,3,5,5,2019-08-06
1996,20,3,4,3,4,4,3,1,2019-08-03
1995,20,2,4,2,4,3,2,1,2019-08-01
1994,20,2,5,5,1,5,2,5,2019-07-30
1993,20,2,4,3,5,5,1,2,2019-07-27
1992,20,2,5,2,2,4,5,5,2019-07-25
1991,20,3,4,2,3,5,2,3,2019-07-23
1990,20,4,3,2,4,1,3,4,2019-07-20
1989,20,1,4,1,4,4,5,3,2019-07-18
1988,20,4,1,4,3,1,1,3,2019-07-16
1987,20,2,5,4,1,3,1,2,2019-07-13
1986,20,2,2,2,4,3,1,5,2019-07-11
1985,20,3,1,1,3,4,3,4,2019-07-09
1984,20,4,1,2,3,4,5,5,2019-07-06
1983,20,4,1,2,4,5,4,4,2019-07-04
1982,20,3,3,5,1,3,4,3,2019-07-02
1981,20,3,1,5,4,3,1,2,2019-06-29
1980,20,1,4,3,5,2,2,4,2019-06-27
1979,20,4,3,5,1,5,4,3,2019-06-25
1978,20,1,2,4,3,5,4,5,2019-06-22
1977,20,2,3,3,5,4,1,5,2019-06-20
1976,20,2,1,4,3,3,3,3,2019-06-18
1975,20,2,4,2,3,3,3,5,2019-06-15
1974,20,3,1,5,3,1,5,5,2019-06-13
1973,20,5,2,3,5,4,5,2,2019-06-11
1972,20,1,4,1,2,3,2,2,2019-06-08
1971,20,2,5,4,4,4,1,3,2019-06-06
1970,20,3,5,2,3,4,3,1,2019-06-04
1969,20,5,2,5,2,3,3,2,2019-06-01
1968,20,5,2,2,2,5,4,5,2019-05-30
1967,20,2,1,5,2,4,1,2,2019-05-28
1966,20,3,4,4,3,4,1,4,2019-05-25
1965,20,1,1,3,1,4,1,2,2019-05-23
1964,20,1,1,4,2,1,1,2,2019-05-21
1963,20,3,3,2,4,2,5,2,2019-05-18
1962,20,3,4,1,1,4,1,5,2019-05-16
1961,20,2,2,2,4,2,3,5,2019-05-14
1960,20,2,2,3,3,4,5,5,2019-05-11
1959,20,2,3,3,3,4,3,1,2019-05-09
1958,20,4,1,4,3,1,4,4,2019-05-07
1957,20,1,2,3,5,2,3,1,2019-05-04
1956,20,1,1,5,4,4,2,5,2019-05-02
1955,20,5,1,3,3,2,2,5,2019-04-30
1954,20,3,2,4,3,4,3,1,2019-04-27
1953,20,2,3,3,3,1,3,4,2019-04-25
1952,20,4,5,5,5,4,5,3,2019-04-23
1951,20,4,4,4,5,3,2,5,2019-04-20
1950,20,5,3,3,3,4,5,2,2019-04-18
1949,20,2,3,1,2,5,1,2,2019-04-16
1948,20,4,4,4,2,4,2,5,2019-04-13
1947,20,1,2,5,4,3,4,4,2019-04-11
1946,20,3,4,1,4,2,2,2,2019-04-09
1945,20,3,4,2,4,4,4,4,2019-04-06
1944,20,1,3,1,2,1,2,5,2019-04-04
1943,20,2,2,4,5,3,3,3,2019-04-02
1942,20,5,3,3,4,4,5,4,2019-03-30
1941,20,1,2,3,2,5,2,2,2019-03-28
1940,20,5,2,4,1,3,4,1,2019-03-26
1939,20,4,4,5,1,5,5,5,2019-03-23
1938,20,2,1,5,1,2,4,3,2019-03-21
1937,20,3,3,5,2,1,3,4,2019-03-19
1936,20,3,3,2,4,2,2,1,2019-03-16
1935,20,1,1,4,4,4,3,5,2019-03-14
1934,20,5,5,5,4,1,5,2,2019-03-12
1933,20,3,1,2,2,3,3,1,2019-03-09
1932,20,2,2,5,5,2,3,4,2019-03-07
1931,20,4,4,2,2,3,2,1,2019-03-05
1930,20,3,2,2,2,1,4,4,2019-03-02
1929,20,5,1,1,1,2,2,5,2019-02-28
1928,20,5,4,2,3,5,3,2,2019-02-26
1927,20,4,1,2,1,5,5,2,2019-02-23
1926,20,1,1,4,1,5,2,5,2019-02-21
1925,20,2,4,2,4,2,1,1,2019-02-19
1924,20,2,1,3,5,5,2,5,2019-02-16
1923,20,5,4,5,3,2,3,4,2019-02-14
1922,20,5,4,4,4,1,2,5,2019-02-12
1921,20,5,1,3,4,5,5,2,2019-02-09
1920,20,4,5,4,1,3,5,1,2019-02-07
1919,20,5,2,1,3,3,3,3,2019-02-05
1918,20,1,1,2,5,4,3,1,2019-02-02
1917,20,4,5,3,2,5,2,2,2019-01-31
1916,20,5,1,3,1,3,3,5,2019-01-29
1915,20,5,4,2,1,2,5,1,2019-01-26
1914,20,2,1,5,2,2,3,2,2019-01-24
1913,20,1,5,1,4,4,5,1,2019-01-22
1912,20,1,3,1,2,4,5,5,2019-01-19
1911,20,5,1,5,5,5,5,1,2019-01-17
1910,20,4,5,1,5,1,3,2,2019-01-15
1909,20,4,3,5,2,2,5,3,2019-01-12
1908,20,4,5,4,5,3,1,2,2019-01-10
1907,20,4,2,2,1,3,2,4,2019-01-08
1906,20,1,2,4,1,2,5,4,2019-01-05
1905,20,2,1,5,3,3,4,5,2019-01-03
1904,20,1,5,2,2,1,4,5,2019-01-01
1903,20,3,4,5,2,4,5,3,2018-12-29
1902,20,5,3,2,1,3,3,3,2018-12-27
1901,20,5,5,5,4,2,2,3,2018-12-25
1900,20,1,5,5,5,4,4,4,2018-12-22
1899,20,5,3,2,4,4,2,5,2018-12-20
1898,20,2,1,1,1,4,4,3,2018-12-18
1897,20,5,2,5,1,3,1,2,2018-12-15
1896,20,1,2,1,2,1,2,2,2018-12-13
1895,20,1,1,2,4,3,2,1,2018-12-11
1894,20,5,2,1,2,1,3,2,2018-12-08
1893,20,2,2,1,1,5,3,5,2018-12-06
1892,20,5,2,5,2,3,1,2,2018-12-04
1891,20,4,1,4,1,3,3,2,2018-12-01
1890,20,4,2,4,3,5,2,1,2018-11-29
1889,20,2,1,4,3,5,5,1,2018-11-27
1888,20,2,2,1,1,1,1,1,2018-11-24
1887,20,5,2,3,5,3,2,1,2018-11-22
1886,20,4,2,1,5,4,5,4,2018-11-20
1885,20,5,2,2,2,5,2,4,2018-11-17
1884,20,2,2,3,2,5,3,4,2018-11-15
1883,20,1,1,4,4,1,3,5,2018-11-13
1882,20,1,1,4,4,3,3,2,2018-11-10
1881,20,4,4,4,5,2,1,5,2018-11-08
1880,20,1,5,4,2,4,4,4,2018-11-06
1879,20,2,2,5,5,3,1,4,2018-11-03
1878,20,5,5,1,4,3,4,5,2018-11-01
1877,20,4,5,5,2,1,1,2,2018-10-30
1876,20,5,3,3,5,3,4,2,2018-10-27
1875,20,5,2,2,1,5,2,4,2018-10-25
1874,20,4,5,4,5,3,5,3,2018-10-23
1873,20,5,3,4,1,1,3,1,2018-10-20
1872,20,1,4,5,3,3,2,2,2018-10-18
1871,20,3,4,4,5,4,3,5,2018-10-16
1870,20,1,1,4,1,2,4,5,2018-10-13
1869,20,5,4,4,1,1,3,5,2018-10-11
1868,20,2,1,3,5,4,2,5,2018-10-09
1867,20,3,2,5,3,3,3,3,2018-10-06
1866,20,1,3,2,3,3,5,3,2018-10-04
1865,20,5,4,2,4,5,1,1,2018-10-02
1864,20,1,1,4,4,5,2,3,2018-09-29
1863,20,4,2,3,3,2,3,1,2018-09-27
1862,20,2,5,2,2,2,3,5,2018-09-25
1861,20,3,2,1,1,4,5,1,2018-09-22
1860,20,3,1,5,1,4,1,2,2018-09-20
1859,20,2,1,5,1,5,4,2,2018-09-18
1858,20,5,4,5,1,3,4,5,2018-09-15
1857,20,2,2,4,3,3,2,1,2018-09-13
1856,20,1,4,1,5,2,2,5,2018-09-11
1855,20,5,5,5,4,3,2,2,2018-09-08
1854,20,3,1,4,5,3,3,5,2018-09-06
1853,20,5,4,3,2,2,3,3,2018-09-04
1852,20,3,3,2,2,3,2,1,2018-09-01
1851,20,2,5,2,2,4,2,4,2018-08-30
1850,20,2,1,3,1,3,3,2,2018-08-28
1849,20,4,4,4,5,1,1,4,2018-08-25
1848,20,2,1,1,3,1,5,4,2018-08-23
1847,20,1,3,1,2,2,4,3,2018-08-21
1846,20,3,2,5,1,2,4,1,2018-08-18
1845,20,2,2,1,5,2,2,2,2018-08-16
1844,20,3,2,4,4,3,3,4,2018-08-14
1843,20,4,4,5,5,1,5,1,2018-08-11
1842,20,3,2,3,2,1,2,2,2018-08-09
1841,20,2,4,3,2,3,2,1,2018-08-07
1840,20,5,4,4,4,5,5,1,2018-08-04
1839,20,3,1,5,3,4,4,3,2018-08-02
1838,20,3,5,4,2,5,4,4,2018-07-31
1837,20,2,5,2,3,2,2,4,2018-07-28
1836,20,1,3,3,2,2,1,4,2018-07-26
1835,20,5,3,3,5,1,3,1,2018-07-24
1834,20,4,3,4,3,4,4,3,2018-07-21
1833,20,2,3,2,5,1,5,3,2018-07-19
1832,20,5,4,1,1,4,1,4,2018-07-17
1831,20,2,4,2,1,4,1,2,2018-07-14
1830,20,4,4,5,1,3,1,3,2018-07-12
1829,20,3,2,3,4,5,1,4,2018-07-10
1828,20,4,3,1,4,5,4,1,2018-07-07
1827,20,4,2,2,3,4,4,4,2018-07-05
1826,20,5,3,2,2,2,5,2,2018-07-03
1825,20,1,5,4,4,1,2,1,2018-06-30
1824,20,3,4,5,4,2,4,1,2018-06-28
1823,20,3,4,1,1,2,4,2,2018-06-26
1822,20,4,2,5,3,5,3,4,2018-06-23
1821,20,5,3,5,3,2,4,3,2018-06-21
1820,20,3,5,5,4,1,3,4,2018-06-19
1819,20,2,4,5,3,4,2,2,2018-06-16
1818,20,3,3,2,1,3,5,3,2018-06-14
1817,20,4,5,2,2,1,4,3,2018-06-12
1816,20,3,3,5,4,3,4,1,2018-06-09
1815,20,5,1,1,1,1,4,1,2018-06-07
1814,20,1,2,1,1,1,3,2,2018-06-05
1813,20,4,4,1,2,1,2,1,2018-06-02
1812,20,2,5,5,3,4,5,3,2018-05-31
1811,20,2,2,1,3,1,3,2,2018-05-29
1810,20,5,1,5,4,3,5,2,2018-05-26
1809,20,2,3,4,2,5,5,1,2018-05-24
1808,20,2,2,3,5,4,1,1,2018-05-22
1807,20,3,1,5,1,5,5,4,2018-05-19
1806,20,2,3,3,5,4,1,4,2018-05-17
1805,20,1,2,5,5,1,1,1,2018-05-15
1804,20,1,3,4,2,3,4,1,2018-05-12
1803,20,1,4,5,5,1,5,3,2018-05-10
1802,20,1,4,1,1,1,2,1,2018-05-08
1801,20,3,3,1,1,3,3,1,2018-05-05
1800,20,5,2,4,1,3,3,3,2018-05-03
1799,20,4,4,2,3,1,2,5,2018-05-01
1798,20,3,2,5,3,5,1,2,2018-04-28
1797,20,3,2,2,3,2,5,5,2018-04-26
1796,20,2,4,5,3,3,4,3,2018-04-24
1795,20,1,4,4,3,5,2,3,2018-04-21
1794,20,4,5,1,2,5,5,4,2018-04-19
1793,20,2,3,4,2,5,4,1,2018-04-17
1792,20,5,5,1,3,1,5,3,2018-04-14
1791,20,4,2,2,4,5,5,2,2018-04-12
1790,20,3,5,1,5,5,1,4,2018-04-10
1789,20,5,2,2,1,2,5,5,2018-04-07
1788,20,1,5,5,2,1,3,3,2018-04-05
1787,20,5,2,1,3,3,4,5,2018-04-03
1786,20,4,1,5,3,2,2,4,2018-03-31
1785,20,3,5,1,4,4,5,4,2018-03-29
1784,20,4,5,3,3,4,3,4,2018-03-27
1783,20,2,3,4,2,1,3,4,2018-03-24
1782,20,3,1,2,3,2,4,4,2018-03-22
1781,20,2,1,3,1,1,4,4,2018-03-20
1780,20,5,2,2,5,3,1,5,2018-03-17
1779,20,4,1,4,3,3,5,1,2018-03-15
1778,20,2,1,4,3,4,2,5,2018-03-13
1777,20,4,2,5,2,4,1,4,2018-03-10
1776,20,2,4,5,2,3,5,4,2018-03-08
1775,20,4,3,4,4,3,4,4,2018-03-06
1774,20,3,5,5,3,5,3,1,2018-03-03
1773,20,3,4,3,4,3,4,3,2018-03-01
1772,20,2,2,1,5,1,1,2,2018-02-27
1771,20,1,2,2,1,5,1,4,2018-02-24
1770,20,1,5,4,3,2,5,3,2018-02-22
1769,20,5,1,4,4,1,1,4,2018-02-20
1768,20,2,4,1,2,5,5,2,2018-02-17
1767,20,4,4,1,4,3,4,4,2018-02-15
1766,20,5,1,1,3,3,2,5,2018-02-13
1765,20,4,5,4,5,3,1,3,2018-02-10
1764,20,3,4,3,1,2,3,1,2018-02-08
1763,20,1,3,2,5,3,3,4,2018-02-06
1762,20,4,1,2,1,2,5,1,2018-02-03
1761,20,3,4,5,2,3,2,5,2018-02-01
1760,20,3,5,5,4,4,5,2,2018-01-30
1759,20,3,5,1,4,2,5,3,2018-01-27
1758,20,1,3,3,5,5,4,5,2018-01-25
1757,20,5,4,2,2,5,1,2,2018-01-23
1756,20,5,1,2,5,3,1,4,2018-01-20
1755,20,1,1,4,2,2,1,3,2018-01-18
1754,20,3,2,4,4,3,5,5,2018-01-16
1753,20,3,4,4,1,2,3,4,2018-01-13
1752,20,2,1,1,4,1,1,2,2018-01-11
1751,20,3,4,4,2,2,3,5,2018-01-09
1750,20,1,4,2,3,4,3,1,2018-01-06
1749,20,2,1,2,1,2,5,5,2018-01-04
1748,20,1,4,5,2,5,1,3,2018-01-02
1747,20,5,2,2,4,3,5,5,2017-12-30
1746,20,4,4,3,3,4,3,3,2017-12-28
1745,20,1,2,1,1,3,1,3,2017-12-26
1744,20,3,3,5,5,2,4,2,2017-12-23
1743,20,4,3,1,4,1,1,3,2017-12-21
1742,20,1,3,4,3,4,3,1,2017-12-19
1741,20,4,5,1,1,2,4,3,2017-12-16
1740,20,2,5,2,4,5,2,5,2017-12-14
1739,20,5,1,2,1,1,5,2,2017-12-12
1738,20,4,1,4,5,5,3,4,2017-12-09
1737,20,2,1,1,1,3,4,4,2017-12-07
1736,20,4,4,2,5,4,2,5,2017-12-05
1735,20,2,4,5,5,4,1,5,2017-12-02
1734,20,3,1,1,2,4,4,5,2017-11-30
1733,20,3,1,3,2,5,2,4,2017-11-28
1732,20,4,3,1,5,3,5,3,2017-11-25
1731,20,1,2,3,2,2,4,5,2017-11-23
1730,20,3,1,5,2,4,5,1,2017-11-21
1729,20,4,2,1,2,4,3,2,2017-11-18
1728,20,1,1,2,4,5,4,1,2017-11-16
1727,20,4,5,1,1,5,2,3,2017-11-14
1726,20,2,1,3,2,4,2,4,2017-11-11
1725,20,3,1,3,5,1,1,2,2017-11-09
1724,20,1,3,4,4,4,1,3,2017-11-07
1723,20,1,1,2,3,3,1,1,2017-11-04
1722,20,1,3,1,1,4,5,3,2017-11-02
1721,20,5,1,5,4,4,1,1,2017-10-31
1720,20,1,3,3,3,3,5,3,2017-10-28
1719,20,3,4,3,5,4,5,5,2017-10-26
1718,20,1,1,2,4,1,3,1,2017-10-24
1717,20,1,3,2,3,5,2,3,2017-10-21
1716,20,2,3,1,4,5,4,3,2017-10-19
1715,20,4,3,3,3,2,2,2,2017-10-17
1714,20,3,4,4,1,2,5,5,2017-10-14
1713,20,3,5,1,3,2,2,5,2017-10-12
1712,20,2,5,1,4,2,3,2,2017-10-10
1711,20,2,4,2,2,3,5,3,2017-10-07
1710,20,1,1,1,3,1,4,5,2017-10-05
1709,20,3,1,4,5,2,4,4,2017-10-03
1708,20,1,5,3,2,2,2,5,2017-09-30
1707,20,5,4,2,1,5,5,1,2017-09-28
1706,20,5,3,3,5,2,5,3,2017-09-26
1705,20,4,5,4,1,4,5,3,2017-09-23
1704,20,2,2,3,5,2,1,2,2017-09-21
1703,20,3,1,4,5,2,2,3,2017-09-19
1702,20,4,2,5,1,2,3,1,2017-09-16
1701,20,2,4,4,3,4,3,1,2017-09-14
1700,20,4,1,4,4,1,3,4,2017-09-12
1699,20,1,4,2,5,1,5,1,2017-09-09
1698,20,4,3,5,3,1,2,3,2017-09-07
1697,20,3,2,2,2,1,2,2,2017-09-05
1696,20,4,2,3,3,3,2,2,2017-09-02
1695,20,3,2,1,1,5,3,3,2017-08-31
1694,20,4,1,3,1,3,1,2,2017-08-29
1693,20,4,1,4,4,5,4,1,2017-08-26
1692,20,5,4,4,5,4,5,2,2017-08-24
1691,20,2,5,2,3,3,4,1,2017-08-22
1690,20,1,2,4,5,5,1,3,2017-08-19
1689,20,1,5,2,5,4,5,4,2017-08-17
1688,20,1,1,5,4,5,1,5,2017-08-15
1687,20,3,2,5,4,2,4,5,2017-08-12
1686,20,3,4,2,2,3,5,4,2017-08-10
1685,20,3,5,1,4,3,2,2,2017-08-08
1684,20,2,4,1,3,2,1,4,2017-08-05
1683,20,4,5,5,4,5,5,1,2017-08-03
1682,20,4,2,1,2,3,5,3,2017-08-01
1681,20,2,2,4,3,1,5,4,2017-07-29
1680,20,2,4,5,5,1,4,3,2017-07-27
1679,20,4,3,5,2,5,3,1,2017-07-25
1678,20,4,3,4,3,1,1,1,2017-07-22
1677,20,4,3,4,1,2,1,1,2017-07-20
1676,20,3,2,4,1,5,3,4,2017-07-18
1675,20,2,5,2,4,2,1,5,2017-07-15
1674,20,5,5,3,4,4,2,4,2017-07-13
1673,20,1,1,5,4,1,3,1,2017-07-11
1672,20,1,3,4,2,3,5,1,2017-07-08
1671,20,2,4,2,3,3,4,1,2017-07-06
1670,20,4,3,5,5,3,2,3,2017-07-04
1669,20,4,3,3,4,3,3,3,2017-07-01
1668,20,1,2,1,5,4,1,3,2017-06-29
1667,20,5,2,3,1,3,4,5,2017-06-27
1666,20,1,1,2,3,4,5,1,2017-06-24
1665,20,4,4,1,5,5,1,2,2017-06-22
1664,20,4,3,5,5,3,4,3,2017-06-20
1663,20,3,2,1,5,4,1,3,2017-06-17
1662,20,1,5,4,5,4,1,3,2017-06-15
1661,20,1,5,2,1,1,2,2,2017-06-13
1660,20,5,1,3,2,4,4,5,2017-06-10
1659,20,4,3,4,5,5,4,3,2017-06-08
1658,20,5,1,3,3,5,3,3,2017-06-06
1657,20,5,1,2,5,2,5,4,2017-06-03
1656,20,1,4,4,1,5,5,3,2017-06-01
1655,20,2,2,4,4,4,1,3,2017-05-30
1654,20,4,4,2,4,5,3,1,2017-05-27
1653,20,1,2,3,3,5,2,1,2017-05-25
1652,20,2,5,1,2,2,5,2,2017-05-23
1651,20,4,2,1,5,4,1,1,2017-05-20
1650,20,3,5,5,5,4,5,4,2017-05-18
1649,20,5,3,5,3,1,3,3,2017-05-16
1648,20,3,1,5,2,1,4,5,2017-05-13
1647,20,5,4,3,3,5,3,4,2017-05-11
1646,20,1,5,5,3,5,2,3,2017-05-09
1645,20,5,2,5,2,4,1,2,2017-05-06
1644,20,5,5,5,1,2,1,4,2017-05-04
1643,20,1,3,2,5,2,5,4,2017-05-02
1642,20,5,5,2,4,3,3,2,2017-04-29
1641,20,4,3,5,4,1,5,2,2017-04-27
1640,20,1,5,2,2,3,5,2,2017-04-25
1639,20,3,4,3,4,2,2,2,2017-04-22
1638,20,3,1,1,4,5,4,2,2017-04-20
1637,20,2,1,1,4,5,3,3,2017-04-18
1636,20,4,2,5,1,4,5,5,2017-04-15
1635,20,5,1,3,4,1,3,2,2017-04-13
1634,20,5,5,5,1,2,3,1,2017-04-11
1633,20,5,3,1,1,1,4,3,2017-04-08
1632,20,4,3,5,5,5,2,3,2017-04-06
1631,20,3,5,3,4,5,3,2,2017-04-04
1630,20,5,3,2,2,4,1,2,2017-04-01
1629,20,4,5,1,5,3,4,2,2017-03-30
1628,20,4,2,2,3,5,1,2,2017-03-28
1627,20,4,2,3,5,2,1,2,2017-03-25
1626,20,1,3,1,4,2,2,2,2017-03-23
1625,20,2,1,4,1,3,4,4,2017-03-21
1624,20,4,4,5,4,3,2,2,2017-03-18
1623,20,4,5,4,5,1,1,3,2017-03-16
1622,20,4,2,5,2,4,4,4,2017-03-14
1621,20,1,5,3,1,5,2,3,2017-03-11
1620,20,5,2,5,3,2,4,2,2017-03-09
1619,20,4,5,1,3,2,5,4,2017-03-07
1618,20,4,1,2,4,1,3,4,2017-03-04
1617,20,1,5,4,2,2,2,2,2017-03-02
1616,20,1,5,4,2,2,5,1,2017-02-28
1615,20,1,2,2,3,1,3,3,2017-02-25
1614,20,3,5,4,3,1,3,1,2017-02-23
1613,20,4,1,2,2,4,3,4,2017-02-21
1612,20,4,4,4,2,1,2,5,2017-02-18
1611,20,5,3,1,2,4,5,1,2017-02-16
1610,20,1,5,5,5,4,5,4,2017-02-14
1609,20,4,1,2,2,5,3,4,2017-02-11
1608,20,4,3,1,2,2,1,5,2017-02-09
1607,20,5,5,1,4,3,3,3,2017-02-07
1606,20,4,1,3,5,3,3,1,2017-02-04
1605,20,5,2,3,4,1,5,2,2017-02-02
1604,20,1,1,4,5,4,4,2,2017-01-31
1603,20,3,3,1,1,2,3,3,2017-01-28
1602,20,2,2,5,1,1,4,2,2017-01-26
1601,20,3,2,5,5,3,1,2,2017-01-24
1600,20,4,4,1,3,3,5,1,2017-01-21
1599,20,5,5,3,4,3,5,2,2017-01-19
1598,20,3,5,2,4,1,4,3,2017-01-17
1597,20,5,5,4,4,4,2,3,2017-01-14
1596,20,2,5,3,4,5,4,3,2017-01-12
1595,20,3,2,4,4,5,3,4,2017-01-10
1594,20,3,4,3,2,5,3,1,2017-01-07
1593,20,4,1,1,5,5,5,3,2017-01-05
1592,20,5,1,2,2,4,3,2,2017-01-03
1591,20,1,3,2,4,4,2,1,2016-12-31
1590,20,2,5,3,5,3,1,1,2016-12-29
1589,20,2,4,4,3,3,4,4,2016-12-27
1588,20,1,3,3,4,3,3,1,2016-12-24
1587,20,3,4,5,4,5,1,4,2016-12-22
1586,20,3,2,2,3,2,5,2,2016-12-20
1585,20,4,5,3,2,4,2,1,2016-12-17
1584,20,4,5,4,3,5,4,2,2016-12-15
1583,20,2,3,4,3,4,4,5,2016-12-13
1582,20,4,2,4,1,2,5,2,2016-12-10
1581,20,2,3,5,1,2,4,2,2016-12-08
1580,20,5,1,2,1,5,1,4,2016-12-06
1579,20,5,4,2,1,1,2,2,2016-12-03
1578,20,4,3,4,5,1,2,3,2016-12-01
1577,20,3,1,4,5,5,4,4,2016-11-29
1576,20,3,3,3,1,4,4,4,2016-11-26
1575,20,3,3,5,1,4,2,4,2016-11-24
1574,20,1,5,1,5,4,5,3,2016-11-22
1573,20,5,4,4,5,3,3,3,2016-11-19
1572,20,1,5,5,5,1,2,2,2016-11-17
1571,20,4,3,5,1,4,5,3,2016-11-15
1570,20,5,3,1,4,2,3,4,2016-11-12
1569,20,1,1,5,4,3,5,1,2016-11-10
1568,20,3,5,3,1,5,4,3,2016-11-08
1567,20,3,4,1,3,3,4,2,2016-11-05
1566,20,2,5,1,2,2,3,5,2016-11-03
1565,20,3,1,3,2,3,4,3,2016-11-01
1564,20,2,5,4,3,2,3,5,2016-10-29
1563,20,5,2,1,1,5,3,1,2016-10-27
1562,20,2,1,1,4,4,2,4,2016-10-25
1561,20,3,5,1,2,2,2,4,2016-10-22
1560,20,5,5,2,3,5,3,5,2016-10-20
1559,20,3,2,3,3,2,2,5,2016-10-18
1558,20,2,5,5,5,2,4,4,2016-10-15
1557,20,2,1,3,4,3,2,4,2016-10-13
1556,20,5,5,2,1,4,1,4,2016-10-11
1555,20,1,3,1,3,2,1,4,2016-10-08
1554,20,5,1,2,4,1,4,5,2016-10-06
1553,20,3,1,5,1,1,2,4,2016-10-04
1552,20,5,5,5,2,4,5,5,2016-10-01
1551,20,2,5,4,2,2,3,4,2016-09-29
1550,20,4,1,2,5,4,4,3,2016-09-27
1549,20,4,5,1,4,4,5,3,2016-09-24
1548,20,3,4,2,5,2,4,5,2016-09-22
1547,20,2,5,2,1,1,3,5,2016-09-20
1546,20,1,2,1,5,3,3,2,2016-09-17
1545,20,3,5,4,5,2,3,4,2016-09-15
1544,20,2,3,4,5,3,3,4,2016-09-13
1543,20,4,1,5,3,3,4,4,2016-09-10
1542,20,4,3,2,4,4,5,5,2016-09-08
1541,20,5,4,1,2,4,5,3,2016-09-06
1540,20,2,4,3,4,5,1,2,2016-09-03
1539,20,3,2,3,4,2,2,3,2016-09-01
1538,20,2,1,3,4,5,4,4,2016-08-30
1537,20,2,2,1,1,2,5,4,2016-08-27
1536,20,2,1,2,1,2,2,3,2016-08-25
1535,20,1,5,1,3,5,5,2,2016-08-23
1534,20,4,4,4,5,1,1,5,2016-08-20
1533,20,3,3,1,1,3,5,4,2016-08-18
1532,20,5,3,4,5,2,2,5,2016-08-16
1531,20,5,5,4,3,2,5,1,2016-08-13
1530,20,3,1,2,1,1,2,2,2016-08-11
1529,20,3,1,5,5,5,1,1,2016-08-09
1528,20,3,1,3,2,3,2,5,2016-08-06
1527,20,5,1,2,3,2,4,4,2016-08-04
1526,20,4,3,4,3,2,1,4,2016-08-02
1525,20,1,4,4,1,1,4,4,2016-07-30
1524,20,1,4,1,1,1,1,2,2016-07-28
1523,20,2,3,2,5,2,1,1,2016-07-26
1522,20,2,5,4,1,4,1,2,2016-07-23
1521,20,5,2,3,4,1,2,4,2016-07-21
1520,20,3,2,4,1,5,2,1,2016-07-19
1519,20,4,2,3,4,3,1,1,2016-07-16
1518,20,4,1,1,5,1,2,5,2016-07-14
1517,20,1,5,4,5,5,2,5,2016-07-12
1516,20,4,2,3,2,3,1,3,2016-07-09
1515,20,3,2,2,4,2,2,4,2016-07-07
1514,20,2,4,4,2,3,4,5,2016-07-05
1513,20,5,1,2,5,2,5,4,2016-07-02
1512,20,4,5,3,5,5,4,2,2016-06-30
1511,20,4,1,2,4,4,2,4,2016-06-28
1510,20,3,4,5,5,4,5,2,2016-06-25
1509,20,2,5,3,2,3,4,4,2016-06-23
1508,20,3,4,3,1,3,5,3,2016-06-21
1507,20,1,4,1,3,1,3,2,2016-06-18
1506,20,1,4,2,4,5,4,3,2016-06-16
1505,20,2,4,3,1,5,3,2,2016-06-14
1504,20,4,3,2,3,1,1,5,2016-06-11
1503,20,5,1,3,2,2,1,5,2016-06-09
1502,20,1,4,1,5,1,4,2,2016-06-07
1501,20,5,2,5,1,3,4,4,2016-06-04
1500,20,4,4,2,4,2,3,5,2016-06-02
1499,20,3,4,4,3,4,3,4,2016-05-31
1498,20,2,3,3,5,4,4,3,2016-05-28
1497,20,4,1,1,2,4,1,5,2016-05-26
1496,20,4,4,1,5,5,2,3,2016-05-24
1495,20,5,2,2,2,2,4,2,2016-05-21
1494,20,3,4,5,1,2,2,5,2016-05-19
1493,20,2,3,4,5,5,3,2,2016-05-17
1492,20,4,3,5,1,3,1,1,2016-05-14
1491,20,5,5,5,2,1,5,1,2016-05-12
1490,20,3,3,4,3,3,5,4,2016-05-10
1489,20,2,5,5,2,2,3,4,2016-05-07
1488,20,3,5,5,1,5,4,3,2016-05-05
1487,20,2,4,2,4,4,3,3,2016-05-03
1486,20,5,2,3,1,5,4,1,2016-04-30
1485,20,1,4,3,2,2,5,2,2016-04-28
1484,20,2,3,4,2,5,3,1,2016-04-26
1483,20,3,3,1,5,5,4,3,2016-04-23
1482,20,3,5,5,2,3,4,1,2016-04-21
1481,20,5,5,1,1,5,2,3,2016-04-19
1480,20,1,1,3,2,2,2,2,2016-04-16
1479,20,5,5,2,2,3,1,3,2016-04-14
1478,20,2,2,4,5,1,5,5,2016-04-12
1477,20,2,2,4,2,3,3,2,2016-04-09
1476,20,2,4,2,1,5,1,2,2016-04-07
1475,20,3,5,1,1,4,3,1,2016-04-05
1474,20,1,2,2,3,4,2,1,2016-04-02
1473,20,5,2,3,1,1,3,1,2016-03-31
1472,20,5,4,2,5,5,3,3,2016-03-29
1471,20,4,1,4,5,3,4,3,2016-03-26
1470,20,1,1,2,1,3,1,3,2016-03-24
1469,20,2,4,4,2,3,5,1,2016-03-22
1468,20,3,4,2,1,4,3,2,2016-03-19
1467,20,5,4,2,2,1,4,4,2016-03-17
1466,20,4,1,5,1,1,3,2,2016-03-15
1465,20,5,3,2,5,1,4,4,2016-03-12
1464,20,3,3,1,4,5,1,1,2016-03-10
1463,20,3,1,2,2,2,5,3,2016-03-08
1462,20,1,5,5,2,5,5,3,2016-03-05
1461,20,3,1,3,1,4,5,5,2016-03-03
1460,20,3,4,5,4,1,1,3,2016-03-01
1459,20,4,4,2,4,5,3,5,2016-02-27
1458,20,4,3,1,3,5,3,1,2016-02-25
1457,20,4,3,1,3,1,3,3,2016-02-23
1456,20,5,2,1,5,1,1,4,2016-02-20
1455,20,5,3,2,2,1,1,1,2016-02-18
1454,20,5,1,1,4,1,2,4,2016-02-16
1453,20,2,5,3,1,4,1,3,2016-02-13
1452,20,3,5,4,1,3,5,4,2016-02-11
1451,20,4,4,4,5,4,2,3,2016-02-09
1450,20,1,3,5,1,4,3,2,2016-02-06
1449,20,4,1,3,1,5,4,5,2016-02-04
1448,20,4,5,4,1,2,5,5,2016-02-02
1447,20,1,2,3,3,1,3,5,2016-01-30
1446,20,4,4,4,4,5,5,4,2016-01-28
1445,20,1,4,4,1,3,3,3,2016-01-26
1444,20,1,5,5,3,4,5,1,2016-01-23
1443,20,2,2,5,1,2,1,2,2016-01-21
1442,20,1,3,1,2,1,1,2,2016-01-19
1441,20,1,1,1,3,1,4,2,2016-01-16
1440,20,5,3,1,2,2,1,5,2016-01-14
1439,20,3,2,2,1,1,4,5,2016-01-12
1438,20,4,2,3,5,4,1,1,2016-01-09
1437,20,2,5,1,1,2,5,4,2016-01-07
1436,20,3,5,3,4,2,2,1,2016-01-05
1435,20,1,3,2,1,5,4,4,2016-01-02
1434,20,2,2,3,2,3,2,1,2015-12-31
1433,20,4,2,5,2,4,5,2,2015-12-29
1432,20,4,2,3,2,2,4,2,2015-12-26
1431,20,1,1,5,2,1,5,3,2015-12-24
1430,20,5,4,4,2,2,3,3,2015-12-22
1429,20,4,2,1,4,4,2,3,2015-12-19
1428,20,3,4,5,4,2,2,1,2015-12-17
1427,20,2,5,3,1,2,4,1,2015-12-15
1426,20,5,5,4,2,5,5,4,2015-12-12
1425,20,3,4,2,3,4,4,2,2015-12-10
1424,20,1,2,2,4,3,5,1,2015-12-08
1423,20,4,4,4,1,2,5,4,2015-12-05
1422,20,2,1,1,2,3,5,3,2015-12-03
1421,20,1,1,3,1,4,2,4,2015-12-01
1420,20,5,4,1,5,3,4,3,2015-11-28
1419,20,5,4,4,4,3,5,3,2015-11-26
1418,20,3,5,1,1,1,3,5,2015-11-24
1417,20,2,3,2,2,1,3,4,2015-11-21
1416,20,3,1,2,2,2,4,1,2015-11-19
1415,20,4,4,4,3,4,1,4,2015-11-17
1414,20,2,4,3,1,3,5,3,2015-11-14
1413,20,1,3,3,2,1,3,4,2015-11-12
1412,20,4,4,4,5,5,2,4,2015-11-10
1411,20,4,4,1,5,1,1,1,2015-11-07
1410,20,3,5,1,5,4,2,1,2015-11-05
1409,20,1,2,1,1,3,3,4,2015-11-03
1408,20,1,1,4,1,1,4,2,2015-10-31
1407,20,3,1,5,3,3,1,1,2015-10-29
1406,20,5,5,5,5,1,2,3,2015-10-27
1405,20,4,4,3,4,2,5,2,2015-10-24
1404,20,3,2,1,2,2,3,5,2015-10-22
1403,20,3,5,1,2,5,4,2,2015-10-20
1402,20,5,2,5,5,3,5,1,2015-10-17
1401,20,2,3,2,5,5,1,2,2015-10-15
1400,20,3,1,3,1,3,4,2,2015-10-13
1399,20,2,4,5,1,5,4,5,2015-10-10
1398,20,2,2,2,3,1,4,5,2015-10-08
1397,20,5,4,4,4,3,4,1,2015-10-06
1396,20,4,3,4,3,3,3,2,2015-10-03
1395,20,4,5,1,4,2,3,5,2015-10-01
1394,20,5,1,5,5,5,2,1,2015-09-29
1393,20,1,4,5,5,3,4,3,2015-09-26
1392,20,1,3,5,2,3,1,1,2015-09-24
1391,20,1,2,2,5,2,2,3,2015-09-22
1390,20,3,1,2,3,3,3,5,2015-09-19
1389,20,1,4,4,4,4,5,5,2015-09-17
1388,20,5,4,2,3,5,3,4,2015-09-15
1387,20,3,4,2,3,5,3,1,2015-09-12
1386,20,2,3,5,5,1,2,4,2015-09-10
1385,20,3,5,3,4,3,3,1,2015-09-08
1384,20,1,1,3,4,4,1,5,2015-09-05
1383,20,4,4,4,4,4,2,5,2015-09-03
1382,20,1,5,1,4,3,5,2,2015-09-01
1381,20,1,4,5,4,3,1,5,2015-08-29
1380,20,2,4,3,3,1,5,5,2015-08-27
1379,20,5,3,1,5,1,3,3,2015-08-25
1378,20,3,1,1,3,2,5,5,2015-08-22
1377,20,2,4,4,2,5,5,5,2015-08-20
1376,20,3,3,5,1,2,1,1,2015-08-18
1375,20,3,1,3,4,3,4,1,2015-08-15
1374,20,3,1,1,5,1,5,5,2015-08-13
1373,20,1,2,2,2,5,5,4,2015-08-11
1372,20,3,5,4,5,1,3,5,2015-08-08
1371,20,2,5,4,5,4,3,2,2015-08-06
1370,20,1,5,4,3,5,5,2,2015-08-04
1369,20,2,4,1,4,3,2,2,2015-08-01
1368,20,2,1,3,3,5,3,3,2015-07-30
1367,20,3,2,3,5,2,2,4,2015-07-28
1366,20,2,2,5,4,4,5,2,2015-07-25
1365,20,3,5,3,2,5,4,3,2015-07-23
1364,20,4,4,4,2,2,1,1,2015-07-21
1363,20,5,4,2,1,3,1,1,2015-07-18
1362,20,3,2,3,4,3,1,1,2015-07-16
1361,20,1,2,5,1,5,3,4,2015-07-14
1360,20,2,3,4,1,1,4,3,2015-07-11
1359,20,3,1,3,5,2,2,4,2015-07-09
1358,20,5,5,1,4,3,4,4,2015-07-07
1357,20,4,4,1,2,4,1,5,2015-07-04
1356,20,4,2,1,1,1,3,2,2015-07-02
1355,20,4,1,5,3,1,3,3,2015-06-30
1354,20,5,2,4,5,1,3,2,2015-06-27
1353,20,4,2,2,3,3,5,2,2015-06-25
1352,20,4,4,1,4,5,5,4,2015-06-23
1351,20,4,2,3,2,5,5,1,2015-06-20
1350,20,3,2,4,1,4,5,5,2015-06-18
1349,20,5,3,4,1,5,5,2,2015-06-16
1348,20,5,2,5,4,2,4,3,2015-06-13
1347,20,1,4,5,3,1,1,1,2015-06-11
1346,20,2,4,3,2,1,1,1,2015-06-09
1345,20,1,5,1,1,1,4,5,2015-06-06
1344,20,3,1,4,3,2,3,3,2015-06-04
1343,20,2,1,1,1,4,1,4,2015-06-02
1342,20,2,5,3,4,1,4,4,2015-05-30
1341,20,5,4,3,5,3,4,4,2015-05-28
1340,20,3,2,4,4,5,2,5,2015-05-26
1339,20,3,4,2,3,4,2,4,2015-05-23
1338,20,3,1,4,2,5,2,4,2015-05-21
1337,20,5,2,3,4,5,2,4,2015-05-19
1336,20,4,2,3,1,3,3,5,2015-05-16
1335,20,2,4,5,3,1,1,4,2015-05-14
1334,20,1,2,5,5,5,1,4,2015-05-12
1333,20,5,4,4,4,5,5,5,2015-05-09
1332,20,2,2,4,4,4,1,3,2015-05-07
1331,20,3,4,2,5,3,4,1,2015-05-05
1330,20,1,1,2,4,1,4,5,2015-05-02
1329,20,5,5,1,1,1,4,5,2015-04-30
1328,20,3,1,4,4,1,1,1,2015-04-28
1327,20,1,1,1,3,5,4,1,2015-04-25
1326,20,5,4,1,1,3,5,3,2015-04-23
1325,20,3,1,2,2,3,2,2,2015-04-21
1324,20,1,4,3,3,2,5,1,2015-04-18
1323,20,1,4,2,2,3,4,4,2015-04-16
1322,20,2,2,3,5,1,5,4,2015-04-14
1321,20,3,3,5,1,3,1,5,2015-04-11
1320,20,4,5,4,3,2,5,1,2015-04-09
1319,20,5,4,1,2,4,3,2,2015-04-07
1318,20,4,3,5,2,2,3,3,2015-04-04
1317,20,5,2,5,3,4,1,1,2015-04-02
1316,20,1,4,1,5,2,3,5,2015-03-31
1315,20,1,5,5,5,2,2,4,2015-03-28
1314,20,2,3,2,5,5,5,4,2015-03-26
1313,20,3,1,2,3,3,1,5,2015-03-24
1312,20,5,4,4,1,4,2,5,2015-03-21
1311,20,1,2,3,1,1,5,2,2015-03-19
1310,20,4,4,1,4,5,3,2,2015-03-17
1309,20,1,4,3,1,3,1,4,2015-03-14
1308,20,3,4,4,5,2,3,4,2015-03-12
1307,20,5,4,3,1,3,4,2,2015-03-10
1306,20,3,3,4,2,2,2,1,2015-03-07
1305,20,3,1,2,5,2,5,1,2015-03-05
1304,20,4,5,1,3,4,1,4,2015-03-03
1303,20,2,5,4,1,3,1,1,2015-02-28
1302,20,2,2,3,5,4,5,2,2015-02-26
1301,20,4,5,5,1,1,3,4,2015-02-24
1300,20,4,4,3,4,1,1,4,2015-02-21
1299,20,1,3,4,3,3,1,2,2015-02-19
1298,20,5,1,3,3,3,3,2,2015-02-17
1297,20,3,2,3,1,1,4,3,2015-02-14
1296,20,3,4,2,2,3,5,2,2015-02-12
1295,20,3,3,5,3,4,5,1,2015-02-10
1294,20,2,2,5,5,5,2,1,2015-02-07
1293,20,4,1,4,4,1,3,5,2015-02-05
1292,20,4,3,2,3,3,1,5,2015-02-03
1291,20,3,2,2,1,1,4,2,2015-01-31
1290,20,5,3,1,2,2,5,3,2015-01-29
1289,20,3,5,3,4,3,5,5,2015-01-27
1288,20,1,4,4,1,1,1,1,2015-01-24
1287,20,3,4,3,1,5,3,2,2015-01-22
1286,20,4,1,1,5,5,3,2,2015-01-20
1285,20,2,2,1,4,5,3,4,2015-01-17
1284,20,3,5,2,2,4,1,4,2015-01-15
1283,20,5,2,5,4,4,1,2,2015-01-13
1282,20,1,1,1,2,4,3,5,2015-01-10
1281,20,3,1,5,3,2,1,5,2015-01-08
1280,20,5,5,2,2,3,1,5,2015-01-06
1279,20,5,3,1,1,5,1,1,2015-01-03
1278,20,5,1,4,3,2,3,2,2015-01-01
1277,20,3,3,2,1,4,3,4,2014-12-30
1276,20,1,3,3,2,5,2,1,2014-12-27
1275,20,4,5,1,2,5,3,2,2014-12-25
1274,20,3,5,1,2,5,1,3,2014-12-23
1273,20,2,3,3,1,2,2,4,2014-12-20
1272,20,3,4,4,3,3,5,5,2014-12-18
1271,20,5,5,4,2,3,5,5,2014-12-16
1270,20,4,2,1,5,5,4,3,2014-12-13
1269,20,4,5,1,2,3,5,4,2014-12-11
1268,20,4,3,3,4,1,3,3,2014-12-09
1267,20,1,3,5,5,5,5,2,2014-12-06
1266,20,3,1,3,4,2,3,3,2014-12-04
1265,20,1,4,2,2,1,4,1,2014-12-02
1264,20,2,2,2,3,2,4,2,2014-11-29
1263,20,3,2,2,1,1,3,3,2014-11-27
1262,20,5,5,1,4,5,1,3,2014-11-25
1261,20,2,5,2,4,5,3,5,2014-11-22
1260,20,3,4,3,1,4,5,2,2014-11-20
1259,20,4,4,3,2,3,4,1,2014-11-18
1258,20,3,5,2,3,1,1,1,2014-11-15
1257,20,2,5,2,5,2,3,3,2014-11-13
1256,20,2,4,1,4,1,1,2,2014-11-11
1255,20,5,2,1,2,1,4,2,2014-11-08
1254,20,1,3,3,2,5,5,3,2014-11-06
1253,20,3,1,1,1,2,3,1,2014-11-04
1252,20,5,1,2,2,2,4,3,2014-11-01
1251,20,1,3,4,5,2,4,2,2014-10-30
1250,20,5,4,4,5,5,5,1,2014-10-28
1249,20,2,1,5,3,3,5,3,2014-10-25
1248,20,5,1,2,4,2,2,3,2014-10-23
1247,20,1,4,1,1,5,4,2,2014-10-21
1246,20,4,5,4,4,2,1,2,2014-10-18
1245,20,5,2,2,3,5,1,5,2014-10-16
1244,20,4,4,1,3,5,5,4,2014-10-14
1243,20,4,5,4,3,4,1,5,2014-10-11
1242,20,5,5,4,5,4,5,2,2014-10-09
1241,20,4,1,4,3,3,1,3,2014-10-07
1240,20,1,1,5,4,5,5,1,2014-10-04
1239,20,1,4,3,3,1,3,3,2014-10-02
1238,20,5,3,2,5,5,2,5,2014-09-30
1237,20,3,4,3,5,1,2,5,2014-09-27
1236,20,1,2,3,2,4,2,3,2014-09-25
1235,20,2,4,3,1,3,5,5,2014-09-23
1234,20,4,4,4,3,5,2,3,2014-09-20
1233,20,1,1,4,4,4,1,4,2014-09-18
1232,20,5,3,3,2,5,2,3,2014-09-16
1231,20,5,3,4,1,1,5,3,2014-09-13
1230,20,1,1,3,3,1,5,1,2014-09-11
1229,20,5,2,4,2,3,4,1,2014-09-09
1228,20,2,1,1,2,3,3,3,2014-09-06
1227,20,2,3,1,2,3,4,5,2014-09-04
1226,20,4,2,5,5,5,2,4,2014-09-02
1225,20,4,1,3,4,5,1,4,2014-08-30
1224,20,2,3,2,3,1,3,1,2014-08-28
1223,20,2,3,4,2,1,2,5,2014-08-26
1222,20,1,3,2,5,4,2,1,2014-08-23
1221,20,1,1,1,1,1,5,4,2014-08-21
1220,20,5,5,3,5,2,3,1,2014-08-19
1219,20,1,5,5,5,5,5,5,2014-08-16
1218,20,1,2,2,1,4,2,1,2014-08-14
1217,20,3,5,2,5,3,1,1,2014-08-12
1216,20,4,2,1,1,3,5,3,2014-08-09
1215,20,2,2,3,5,1,1,5,2014-08-07
1214,20,2,4,4,3,1,5,2,2014-08-05
1213,20,2,3,2,4,5,4,2,2014-08-02
1212,20,4,4,4,1,3,2,5,2014-07-31
1211,20,4,2,5,3,5,2,5,2014-07-29
1210,20,1,2,2,1,3,3,1,2014-07-26
1209,20,5,5,2,3,5,4,1,2014-07-24
1208,20,5,1,3,2,1,5,4,2014-07-22
1207,20,5,1,4,1,4,1,2,2014-07-19
1206,20,1,4,2,1,1,3,4,2014-07-17
1205,20,4,3,3,1,2,4,5,2014-07-15
1204,20,2,5,5,1,1,3,3,2014-07-12
1203,20,4,5,3,1,4,2,3,2014-07-10
1202,20,4,4,5,2,3,2,4,2014-07-08
1201,20,4,3,5,3,2,1,5,2014-07-05
1200,20,3,2,5,3,5,3,3,2014-07-03
1199,20,5,4,1,2,3,3,1,2014-07-01
1198,20,2,1,3,2,4,1,3,2014-06-28
1197,20,2,1,3,5,5,3,4,2014-06-26
1196,20,1,1,3,4,5,2,2,2014-06-24
1195,20,2,1,4,4,2,1,2,2014-06-21
1194,20,4,1,2,4,1,3,5,2014-06-19
1193,20,1,4,5,5,5,1,4,2014-06-17
1192,20,2,2,1,2,1,4,2,2014-06-14
1191,20,3,5,2,4,3,2,4,2014-06-12
1190,20,4,3,2,3,2,5,1,2014-06-10
1189,20,2,2,1,1,1,2,4,2014-06-07
1188,20,3,4,5,1,3,3,3,2014-06-05
1187,20,5,1,3,3,5,4,4,2014-06-03
1186,20,1,5,4,2,5,2,1,2014-05-31
1185,20,2,4,3,1,4,1,1,2014-05-29
1184,20,2,4,3,3,1,1,3,2014-05-27
1183,20,1,4,5,4,3,1,1,2014-05-24
1182,20,1,2,4,1,3,3,1,2014-05-22
1181,20,3,4,1,2,4,5,3,2014-05-20
1180,20,4,4,5,4,1,4,5,2014-05-17
1179,20,2,2,5,4,5,5,4,2014-05-15
1178,20,4,4,5,1,4,5,3,2014-05-13
1177,20,4,1,2,2,1,4,2,2014-05-10
1176,20,1,3,2,3,5,3,1,2014-05-08
1175,20,1,3,4,3,2,1,5,2014-05-06
1174,20,2,5,4,3,1,4,5,2014-05-03
1173,20,1,4,5,5,4,5,5,2014-05-01
1172,20,5,2,1,5,1,2,2,2014-04-29
1171,20,5,1,5,3,3,4,4,2014-04-26
1170,20,3,4,4,1,3,1,2,2014-04-24
1169,20,1,1,1,1,4,2,3,2014-04-22
1168,20,2,3,3,3,5,3,5,2014-04-19
1167,20,4,2,3,5,1,4,1,2014-04-17
1166,20,2,2,1,3,1,2,3,2014-04-15
1165,20,5,3,1,3,5,3,4,2014-04-12
1164,20,1,4,1,2,4,1,5,2014-04-10
1163,20,2,4,5,2,5,2,3,2014-04-08
1162,20,2,4,5,1,2,2,2,2014-04-05
1161,20,5,1,1,2,1,1,4,2014-04-03
1160,20,3,2,2,1,1,4,5,2014-04-01
1159,20,2,2,4,5,4,1,5,2014-03-29
1158,20,3,1,5,5,5,3,2,2014-03-27
1157,20,4,4,4,3,2,5,5,2014-03-25
1156,20,5,2,3,3,3,3,1,2014-03-22
1155,20,5,3,4,1,3,5,1,2014-03-20
1154,20,4,5,2,1,1,4,4,2014-03-18
1153,20,5,2,5,3,1,5,1,2014-03-15
1152,20,4,2,4,4,5,2,5,2014-03-13
1151,20,3,2,3,5,5,4,2,2014-03-11
1150,20,4,5,3,2,1,1,3,2014-03-08
1149,20,4,3,1,2,1,2,5,2014-03-06
1148,20,3,4,5,5,2,1,3,2014-03-04
1147,20,1,1,3,2,1,3,4,2014-03-01
1146,20,5,5,2,5,5,4,2,2014-02-27
1145,20,1,1,3,5,4,1,4,2014-02-25
1144,20,3,4,4,4,2,5,3,2014-02-22
1143,20,5,3,2,4,1,2,1,2014-02-20
1142,20,5,5,4,2,4,5,2,2014-02-18
1141,20,1,4,3,2,4,1,4,2014-02-15
1140,20,3,5,5,3,1,3,3,2014-02-13
1139,20,2,2,3,4,5,5,3,2014-02-11
1138,20,4,1,5,4,2,4,2,2014-02-08
1137,20,2,1,2,1,5,1,3,2014-02-06
1136,20,5,4,4,4,2,3,2,2014-02-04
1135,20,3,1,5,5,3,1,5,2014-02-01
1134,20,4,3,2,1,1,1,3,2014-01-30
1133,20,4,2,3,1,1,3,1,2014-01-28
1132,20,3,2,3,4,3,4,3,2014-01-25
1131,20,1,2,1,5,5,4,5,2014-01-23
1130,20,3,3,1,1,1,5,4,2014-01-21
1129,20,2,4,5,5,4,3,1,2014-01-18
1128,20,2,5,2,3,4,5,5,2014-01-16
1127,20,2,2,5,5,3,5,2,2014-01-14
1126,20,5,4,4,2,4,2,1,2014-01-11
1125,20,1,1,1,2,1,1,5,2014-01-09
1124,20,2,1,2,3,1,4,4,2014-01-07
1123,20,1,4,2,4,4,3,4,2014-01-04
1122,20,3,4,5,2,3,5,1,2014-01-02
1121,20,1,1,2,3,5,2,3,2013-12-31
1120,20,4,5,1,4,4,4,5,2013-12-28
1119,20,5,4,4,4,5,1,4,2013-12-26
1118,20,3,4,5,5,3,2,5,2013-12-24
1117,20,5,3,4,1,2,2,1,2013-12-21
1116,20,5,3,4,4,5,1,4,2013-12-19
1115,20,4,3,3,2,3,5,5,2013-12-17
1114,20,2,5,1,4,3,1,3,2013-12-14
1113,20,2,4,3,4,2,1,4,2013-12-12
1112,20,2,3,4,2,3,4,3,2013-12-10
1111,20,2,3,4,1,3,4,2,2013-12-07
1110,20,3,4,4,1,5,3,2,2013-12-05
1109,20,3,5,2,3,2,2,5,2013-12-03
1108,20,2,4,4,1,4,5,3,2013-11-30
1107,20,2,5,1,3,4,4,3,2013-11-28
1106,20,5,1,2,5,1,1,1,2013-11-26
1105,20,3,5,2,1,2,2,4,2013-11-23
1104,20,4,1,5,2,2,3,4,2013-11-21
1103,20,2,2,2,1,1,3,5,2013-11-19
1102,20,3,1,2,5,2,1,4,2013-11-16
1101,20,5,1,1,4,5,3,4,2013-11-14
1100,20,1,2,2,4,4,5,3,2013-11-12
1099,20,5,5,5,2,2,4,5,2013-11-09
1098,20,2,3,4,3,4,3,2,2013-11-07
1097,20,1,4,4,3,1,4,4,2013-11-05
1096,20,2,2,2,3,3,3,2,2013-11-02
1095,20,4,1,3,3,3,4,4,2013-10-31
1094,20,3,4,5,3,1,4,1,2013-10-29
1093,20,2,5,5,2,2,1,2,2013-10-26
1092,20,3,2,3,3,3,1,2,2013-10-24
1091,20,1,1,5,4,5,4,3,2013-10-22
1090,20,2,5,4,2,5,1,5,2013-10-19
1089,20,1,5,5,2,5,1,5,2013-10-17
1088,20,4,2,5,5,1,3,2,2013-10-15
1087,20,1,3,1,4,4,2,1,2013-10-12
1086,20,5,1,1,2,1,2,5,2013-10-10
1085,20,5,5,3,4,2,1,2,2013-10-08
1084,20,2,4,3,1,2,3,5,2013-10-05
1083,20,2,4,5,2,2,4,2,2013-10-03
1082,20,5,5,5,4,4,1,5,2013-10-01
1081,20,5,3,4,3,4,4,2,2013-09-28
1080,20,5,3,5,4,4,5,3,2013-09-26
1079,20,3,1,4,4,1,1,4,2013-09-24
1078,20,3,5,2,2,5,4,4,2013-09-21
1077,20,5,5,5,2,5,3,5,2013-09-19
1076,20,4,5,5,4,5,2,2,2013-09-17
1075,20,2,3,4,2,5,2,4,2013-09-14
1074,20,4,3,3,3,1,2,5,2013-09-12
1073,20,2,4,3,1,4,1,5,2013-09-10
1072,20,4,5,3,4,4,1,1,2013-09-07
1071,20,1,4,3,5,2,4,3,2013-09-05
1070,20,3,1,3,5,3,2,5,2013-09-03
1069,20,3,1,4,3,2,5,4,2013-08-31
1068,20,1,4,3,4,3,3,2,2013-08-29
1067,20,1,2,5,2,3,4,3,2013-08-27
1066,20,1,2,2,5,2,1,2,2013-08-24
1065,20,3,3,1,3,2,4,5,2013-08-22
1064,20,4,3,1,4,5,4,3,2013-08-20
1063,20,2,1,5,5,3,4,1,2013-08-17
1062,20,5,4,1,2,1,5,2,2013-08-15
1061,20,3,5,2,4,5,3,1,2013-08-13
1060,20,4,4,1,5,2,4,5,2013-08-10
1059,20,1,3,4,1,5,2,2,2013-08-08
1058,20,4,1,4,1,4,2,4,2013-08-06
1057,20,4,3,2,1,4,3,4,2013-08-03
1056,20,4,3,5,4,4,1,2,2013-08-01
1055,20,1,2,1,3,1,4,3,2013-07-30
1054,20,2,4,3,4,2,3,1,2013-07-27
1053,20,2,5,4,3,1,2,3,2013-07-25
1052,20,5,3,2,1,1,3,5,2013-07-23
1051,20,2,4,4,1,2,3,4,2013-07-20
1050,20,3,4,2,4,5,4,2,2013-07-18
1049,20,3,2,1,2,4,5,2,2013-07-16
1048,20,3,2,4,3,1,3,5,2013-07-13
1047,20,5,5,1,5,5,3,4,2013-07-11
1046,20,3,4,1,2,1,4,5,2013-07-09
1045,20,4,2,1,2,1,5,2,2013-07-06
1044,20,2,2,3,2,1,1,1,2013-07-04
1043,20,5,3,5,2,5,1,4,2013-07-02
1042,20,5,1,3,1,4,5,3,2013-06-29
1041,20,2,3,4,3,4,1,1,2013-06-27
1040,20,5,3,4,2,4,5,5,2013-06-25
1039,20,4,5,5,3,4,5,5,2013-06-22
1038,20,3,2,3,2,5,4,1,2013-06-20
1037,20,2,4,4,3,2,2,4,2013-06-18
1036,20,5,5,2,1,2,5,5,2013-06-15
1035,20,4,1,1,1,1,4,5,2013-06-13
1034,20,2,2,5,4,1,4,5,2013-06-11
1033,20,1,4,2,4,4,1,4,2013-06-08
1032,20,4,1,5,3,5,5,3,2013-06-06
1031,20,4,1,1,2,1,3,3,2013-06-04
1030,20,5,5,2,4,3,4,1,2013-06-01
1029,20,3,4,3,2,5,1,4,2013-05-30
1028,20,2,2,1,5,1,2,2,2013-05-28
1027,20,4,5,2,5,3,3,1,2013-05-25
1026,20,2,2,2,5,4,4,5,2013-05-23
1025,20,5,1,3,5,3,4,2,2013-05-21
1024,20,2,4,3,3,2,4,4,2013-05-18
1023,20,5,5,4,1,4,2,5,2013-05-16
1022,20,1,1,2,2,3,4,1,2013-05-14
1021,20,4,4,4,2,4,1,5,2013-05-11
1020,20,3,2,1,1,2,4,2,2013-05-09
1019,20,4,5,3,4,4,4,2,2013-05-07
1018,20,2,4,2,5,3,5,2,2013-05-04
1017,20,5,4,2,2,1,2,4,2013-05-02
1016,20,1,2,3,5,1,2,1,2013-04-30
1015,20,5,1,3,3,4,2,4,2013-04-27
1014,20,4,3,2,1,1,2,2,2013-04-25
1013,20,5,1,5,5,1,1,1,2013-04-23
1012,20,3,3,3,1,5,1,3,2013-04-20
1011,20,4,5,4,2,2,5,3,2013-04-18
1010,20,1,2,1,2,1,5,5,2013-04-16
1009,20,1,2,5,5,2,5,1,2013-04-13
1008,20,4,4,5,2,3,3,5,2013-04-11
1007,20,4,2,2,1,5,2,3,2013-04-09
1006,20,1,3,2,3,4,2,5,2013-04-06
1005,20,1,2,4,5,5,3,1,2013-04-04
1004,20,4,5,3,5,3,3,4,2013-04-02
1003,20,3,2,1,5,5,2,4,2013-03-30
1002,20,4,3,4,1,5,3,4,2013-03-28
1001,20,1,4,3,3,2,3,2,2013-03-26
1000,20,4,2,2,3,5,3,5,2013-03-23
999,20,2,3,5,4,4,2,1,2013-03-21
998,20,4,5,1,1,5,1,3,2013-03-19
997,20,1,4,3,1,1,3,2,2013-03-16
996,20,1,3,3,1,1,4,2,2013-03-14
995,20,2,2,2,4,3,1,2,2013-03-12
994,20,4,1,1,4,5,5,4,2013-03-09
993,20,5,3,4,5,2,4,2,2013-03-07
992,20,4,5,4,4,2,4,4,2013-03-05
991,20,1,5,4,5,3,2,3,2013-03-02
990,20,2,1,2,3,2,3,4,2013-02-28
989,20,5,4,3,2,2,3,3,2013-02-26
988,20,5,4,1,3,3,3,3,2013-02-23
987,20,4,5,3,1,5,5,2,2013-02-21
986,20,3,1,5,1,3,5,4,2013-02-19
985,20,2,5,4,2,3,5,3,2013-02-16
984,20,2,4,5,2,5,2,3,2013-02-14
983,20,4,1,2,4,5,5,2,2013-02-12
982,20,5,3,1,5,5,2,4,2013-02-09
981,20,3,1,3,2,2,1,4,2013-02-07
980,20,3,4,3,3,1,1,4,2013-02-05
979,20,1,5,5,2,2,5,3,2013-02-02
978,20,3,1,1,2,1,5,1,2013-01-31
977,20,2,2,5,3,4,3,4,2013-01-29
976,20,4,2,4,4,3,2,3,2013-01-26
975,20,4,2,1,5,3,3,2,2013-01-24
974,20,1,5,2,2,2,4,3,2013-01-22
973,20,4,1,3,4,2,5,1,2013-01-19
972,20,5,1,3,1,3,4,5,2013-01-17
971,20,3,2,1,4,4,2,1,2013-01-15
970,20,3,3,3,1,5,2,1,2013-01-12
969,20,3,2,5,4,1,5,3,2013-01-10
968,20,2,4,3,1,5,2,2,2013-01-08
967,20,5,4,4,2,4,2,1,2013-01-05
966,20,4,2,4,4,2,5,4,2013-01-03
965,20,5,5,1,1,2,4,1,2013-01-01
964,20,3,1,4,2,5,1,5,2012-12-29
963,20,1,3,5,1,4,2,4,2012-12-27
962,20,2,1,3,4,3,5,5,2012-12-25
961,20,5,2,4,1,5,2,2,2012-12-22
960,20,3,1,3,2,3,4,4,2012-12-20
959,20,2,5,5,1,4,2,1,2012-12-18
958,20,5,4,4,5,1,1,3,2012-12-15
957,20,5,2,4,4,5,1,5,2012-12-13
956,20,2,3,1,5,3,4,3,2012-12-11
955,20,3,4,3,1,3,4,2,2012-12-08
954,20,3,2,5,1,5,5,3,2012-12-06
953,20,5,1,2,3,3,4,2,2012-12-04
952,20,4,3,2,4,3,3,5,2012-12-01
951,20,3,1,5,1,1,4,4,2012-11-29
950,20,1,2,4,1,4,2,4,2012-11-27
949,20,3,4,4,3,5,1,5,2012-11-24
948,20,5,3,1,3,2,3,5,2012-11-22
947,20,1,5,2,1,4,2,3,2012-11-20
946,20,3,3,4,2,3,3,2,2012-11-17
945,20,2,4,5,1,5,1,1,2012-11-15
944,20,5,3,3,2,1,4,5,2012-11-13
943,20,4,4,3,4,4,5,2,2012-11-10
942,20,4,2,3,1,4,3,4,2012-11-08
941,20,1,3,2,1,5,3,1,2012-11-06
940,20,5,3,2,2,1,3,2,2012-11-03
939,20,5,3,1,5,2,1,1,2012-11-01
938,20,4,3,4,3,2,2,4,2012-10-30
937,20,5,4,3,4,3,5,3,2012-10-27
936,20,3,4,3,1,5,3,3,2012-10-25
935,20,1,5,3,2,5,3,4,2012-10-23
934,20,3,4,5,4,3,3,4,2012-10-20
933,20,1,5,3,2,2,5,3,2012-10-18
932,20,3,2,4,4,1,2,2,2012-10-16
931,20,4,5,5,1,3,3,1,2012-10-13
930,20,1,3,2,2,4,2,3,2012-10-11
929,20,5,5,3,5,5,4,5,2012-10-09
928,20,5,3,3,1,4,5,4,2012-10-06
927,20,2,1,5,1,4,2,1,2012-10-04
926,20,3,3,4,5,3,1,5,2012-10-02
925,20,3,3,5,4,4,2,1,2012-09-29
924,20,2,1,1,5,5,1,4,2012-09-27
923,20,5,4,5,2,5,2,1,2012-09-25
922,20,1,1,5,1,4,1,3,2012-09-22
921,20,3,5,5,4,1,1,1,2012-09-20
920,20,2,2,4,3,2,1,5,2012-09-18
919,20,5,3,4,4,2,4,4,2012-09-15
918,20,4,4,4,4,2,1,4,2012-09-13
917,20,4,3,2,2,3,1,5,2012-09-11
916,20,5,3,5,3,3,4,3,2012-09-08
915,20,4,3,1,2,5,1,2,2012-09-06
914,20,2,4,2,5,1,4,3,2012-09-04
913,20,4,5,3,4,2,5,2,2012-09-01
912,20,1,3,3,2,5,1,1,2012-08-30
911,20,1,1,5,3,3,2,4,2012-08-28
910,20,5,4,1,3,2,1,4,2012-08-25
909,20,5,2,5,3,2,1,4,2012-08-23
908,20,5,1,2,2,4,4,4,2012-08-21
907,20,5,2,1,5,1,1,5,2012-08-18
906,20,1,2,4,5,4,4,2,2012-08-16
905,20,5,2,1,1,5,4,2,2012-08-14
904,20,3,5,4,1,3,4,5,2012-08-11
903,20,5,3,5,5,2,2,3,2012-08-09
902,20,3,2,1,3,2,1,3,2012-08-07
901,20,3,5,3,3,1,3,5,2012-08-04
900,20,2,3,3,4,4,1,2,2012-08-02
899,20,4,5,5,2,2,2,5,2012-07-31
898,20,3,2,4,5,2,4,3,2012-07-28
897,20,4,1,5,4,1,2,3,2012-07-26
896,20,4,3,4,2,2,1,5,2012-07-24
895,20,3,2,3,4,4,1,3,2012-07-21
894,20,3,2,5,2,2,2,1,2012-07-19
893,20,5,1,1,3,1,1,3,2012-07-17
892,20,5,3,1,3,4,3,4,2012-07-14
891,20,2,3,1,1,2,5,3,2012-07-12
890,20,4,4,2,2,3,5,5,2012-07-10
889,20,1,2,5,5,3,4,5,2012-07-07
888,20,2,2,1,3,4,1,5,2012-07-05
887,20,1,4,3,2,2,2,3,2012-07-03
886,20,5,1,1,1,3,3,4,2012-06-30
885,20,5,2,5,2,2,5,3,2012-06-28
884,20,5,3,3,2,1,4,4,2012-06-26
883,20,3,4,5,5,4,1,5,2012-06-23
882,20,3,2,4,3,1,2,3,2012-06-21
881,20,5,2,4,2,5,5,4,2012-06-19
880,20,3,3,3,4,4,4,3,2012-06-16
879,20,5,3,1,1,4,2,5,2012-06-14
878,20,3,5,4,4,2,2,2,2012-06-12
877,20,3,4,3,5,1,4,5,2012-06-09
876,20,3,3,5,1,3,4,2,2012-06-07
875,20,5,2,3,4,1,3,2,2012-06-05
874,20,5,4,5,5,3,4,2,2012-06-02
873,20,5,1,3,1,2,2,2,2012-05-31
872,20,3,4,5,2,1,2,4,2012-05-29
871,20,2,2,4,2,2,2,5,2012-05-26
870,20,4,1,1,2,3,5,2,2012-05-24
869,20,2,1,3,2,3,2,5,2012-05-22
868,20,2,1,3,5,2,4,5,2012-05-19
867,20,5,5,4,5,5,1,1,2012-05-17
866,20,1,1,1,2,1,3,5,2012-05-15
865,20,4,2,5,3,3,1,1,2012-05-12
864,20,5,1,4,1,2,5,3,2012-05-10
863,20,5,2,5,4,5,1,1,2012-05-08
862,20,4,3,3,3,4,4,5,2012-05-05
861,20,5,2,3,4,4,4,3,2012-05-03
860,20,3,5,3,2,5,1,3,2012-05-01
859,20,3,5,2,1,1,1,2,2012-04-28
858,20,5,5,5,4,3,3,2,2012-04-26
857,20,4,3,5,3,2,1,1,2012-04-24
856,20,2,4,2,5,5,4,1,2012-04-21
855,20,1,3,1,3,4,1,1,2012-04-19
854,20,4,1,1,2,4,5,3,2012-04-17
853,20,1,5,3,3,5,4,4,2012-04-14
852,20,3,2,4,4,3,3,1,2012-04-12
851,20,1,3,2,5,5,2,1,2012-04-10
850,20,5,1,5,2,3,3,4,2012-04-07
849,20,3,5,1,2,3,5,4,2012-04-05
848,20,3,4,5,1,1,1,3,2012-04-03
847,20,3,4,2,4,5,5,1,2012-03-31
846,20,5,2,2,5,3,1,4,2012-03-29
845,20,3,1,5,1,2,4,1,2012-03-27
844,20,3,4,2,3,1,1,5,2012-03-24
843,20,5,4,1,2,3,3,3,2012-03-22
842,20,2,5,2,5,5,3,3,2012-03-20
841,20,5,5,5,4,2,5,3,2012-03-17
840,20,1,5,5,2,1,2,4,2012-03-15
839,20,3,3,5,4,3,4,2,2012-03-13
838,20,4,3,5,4,5,2,1,2012-03-10
837,20,3,2,5,5,2,2,3,2012-03-08
836,20,4,5,5,1,5,1,3,2012-03-06
835,20,2,2,4,4,2,1,5,2012-03-03
834,20,5,1,3,5,1,4,2,2012-03-01
833,20,5,2,4,1,3,5,3,2012-02-28
832,20,2,4,3,5,3,2,2,2012-02-25
831,20,1,4,5,4,5,2,3,2012-02-23
830,20,4,2,3,2,3,5,1,2012-02-21
829,20,3,1,2,2,4,2,4,2012-02-18
828,20,3,1,5,3,4,2,5,2012-02-16
827,20,3,1,4,4,2,5,5,2012-02-14
826,20,2,5,5,3,1,1,1,2012-02-11
825,20,5,2,1,1,4,4,4,2012-02-09
824,20,1,4,3,3,2,3,1,2012-02-07
823,20,5,4,1,2,3,5,4,2012-02-04
822,20,3,2,2,2,3,5,4,2012-02-02
821,20,4,4,4,2,4,3,2,2012-01-31
820,20,4,5,2,1,1,3,4,2012-01-28
819,20,3,2,3,5,4,4,4,2012-01-26
818,20,2,4,1,1,2,2,1,2012-01-24
817,20,2,3,3,3,3,4,2,2012-01-21
816,20,1,3,5,5,2,2,2,2012-01-19
815,20,2,5,2,4,5,3,1,2012-01-17
814,20,1,5,1,3,3,3,5,2012-01-14
813,20,1,4,1,1,1,5,3,2012-01-12
812,20,4,2,1,5,3,4,4,2012-01-10
811,20,2,5,2,3,2,1,4,2012-01-07
810,20,3,5,4,1,3,5,1,2012-01-05
809,20,4,4,3,5,4,1,3,2012-01-03
808,20,1,2,3,5,3,2,4,2011-12-31
807,20,3,1,1,1,3,1,5,2011-12-29
806,20,4,2,5,1,5,5,4,2011-12-27
805,20,3,4,5,1,1,1,4,2011-12-24
804,20,5,5,4,5,5,5,2,2011-12-22
803,20,4,3,2,2,5,3,3,2011-12-20
802,20,4,4,1,2,4,5,1,2011-12-17
801,20,5,4,5,3,4,2,5,2011-12-15
800,20,3,3,1,1,1,3,4,2011-12-13
799,20,4,1,1,5,1,1,5,2011-12-10
798,20,5,2,3,3,5,5,2,2011-12-08
797,20,5,1,2,5,5,5,2,2011-12-06
796,20,4,2,4,2,1,2,5,2011-12-03
795,20,1,4,4,4,5,3,2,2011-12-01
794,20,3,4,2,3,2,4,3,2011-11-29
793,20,2,5,2,4,4,5,2,2011-11-26
792,20,4,2,1,2,2,1,2,2011-11-24
791,20,5,1,2,3,3,5,1,2011-11-22
790,20,4,4,4,2,2,3,3,2011-11-19
789,20,3,3,1,3,4,3,1,2011-11-17
788,20,2,2,1,4,1,1,4,2011-11-15
787,20,2,3,5,2,5,5,5,2011-11-12
786,20,4,3,2,4,2,5,5,2011-11-10
785,20,5,3,4,5,1,4,1,2011-11-08
784,20,4,3,3,1,5,1,3,2011-11-05
783,20,4,3,2,4,4,2,4,2011-11-03
782,20,1,1,3,4,2,3,1,2011-11-01
781,20,3,5,1,1,3,3,5,2011-10-29
780,20,4,3,1,5,1,2,3,2011-10-27
779,20,3,5,1,4,2,1,2,2011-10-25
778,20,3,2,1,1,2,3,1,2011-10-22
777,20,1,1,3,4,4,5,4,2011-10-20
776,20,4,5,1,3,5,5,5,2011-10-18
775,20,3,4,5,5,3,2,1,2011-10-15
774,20,5,3,3,5,5,2,5,2011-10-13
773,20,3,4,5,1,2,5,2,2011-10-11
772,20,4,4,3,1,1,5,4,2011-10-08
771,20,4,4,1,5,2,1,2,2011-10-06
770,20,4,1,3,4,5,5,2,2011-10-04
769,20,3,2,1,1,2,4,3,2011-10-01
768,20,4,5,4,1,3,5,5,2011-09-29
767,20,2,4,5,1,2,4,5,2011-09-27
766,20,3,1,2,1,1,5,3,2011-09-24
765,20,5,4,4,1,5,2,3,2011-09-22
764,20,2,3,2,5,1,4,3,2011-09-20
763,20,2,5,3,4,4,4,2,2011-09-17
762,20,1,1,4,1,4,1,3,2011-09-15
761,20,1,2,4,3,1,2,1,2011-09-13
760,20,2,5,3,5,1,5,1,2011-09-10
759,20,1,5,5,2,3,3,1,2011-09-08
758,20,3,1,3,5,3,2,1,2011-09-06
757,20,3,2,1,1,3,4,2,2011-09-03
756,20,3,1,2,3,5,3,1,2011-09-01
755,20,5,3,2,2,3,2,1,2011-08-30
754,20,2,3,5,2,1,2,2,2011-08-27
753,20,3,1,1,4,2,3,4,2011-08-25
752,20,5,3,2,1,2,4,3,2011-08-23
751,20,2,4,1,5,2,3,4,2011-08-20
750,20,1,2,2,4,1,4,2,2011-08-18
749,20,3,1,2,1,5,5,3,2011-08-16
748,20,5,1,3,2,1,1,5,2011-08-13
747,20,4,4,1,4,4,4,5,2011-08-11
746,20,4,2,3,4,1,5,2,2011-08-09
745,20,4,2,4,5,1,3,4,2011-08-06
744,20,2,4,3,2,4,2,4,2011-08-04
743,20,1,3,3,1,4,4,4,2011-08-02
742,20,2,2,4,3,1,3,5,2011-07-30
741,20,3,1,2,5,5,2,3,2011-07-28
740,20,4,3,2,5,1,3,3,2011-07-26
739,20,4,2,2,4,4,3,5,2011-07-23
738,20,2,1,2,4,3,3,1,2011-07-21
737,20,4,4,3,4,5,1,4,2011-07-19
736,20,4,2,4,4,1,2,2,2011-07-16
735,20,5,1,1,1,5,1,2,2011-07-14
734,20,5,5,5,3,1,2,1,2011-07-12
733,20,1,3,3,2,1,5,1,2011-07-09
732,20,1,1,3,2,3,4,3,2011-07-07
731,20,2,3,3,4,1,4,2,2011-07-05
730,20,1,5,1,4,4,5,4,2011-07-02
729,20,5,3,1,3,1,2,1,2011-06-30
728,20,4,4,1,2,2,3,2,2011-06-28
727,20,4,2,5,3,4,1,2,2011-06-25
726,20,4,3,5,3,3,3,3,2011-06-23
725,20,4,3,2,3,4,2,3,2011-06-21
724,20,4,3,2,2,5,1,5,2011-06-18
723,20,5,2,3,2,1,3,4,2011-06-16
722,20,3,1,5,2,4,4,2,2011-06-14
721,20,1,3,2,4,4,1,1,2011-06-11
720,20,1,4,2,2,1,2,3,2011-06-09
719,20,4,3,4,4,3,2,1,2011-06-07
718,20,4,4,2,1,1,1,3,2011-06-04
717,20,4,4,3,5,1,5,3,2011-06-02
716,20,2,4,2,5,5,5,5,2011-05-31
715,20,1,1,2,5,5,3,2,2011-05-28
714,20,2,5,4,2,2,4,5,2011-05-26
713,20,3,5,3,3,2,4,3,2011-05-24
712,20,1,1,1,4,4,2,3,2011-05-21
711,20,4,3,4,2,5,1,2,2011-05-19
710,20,5,2,3,5,5,2,3,2011-05-17
709,20,5,5,4,1,5,4,2,2011-05-14
708,20,5,1,2,4,4,1,4,2011-05-12
707,20,2,5,4,4,4,3,4,2011-05-10
706,20,2,3,3,2,2,3,5,2011-05-07
705,20,1,2,5,4,5,1,4,2011-05-05
704,20,4,5,1,5,4,1,3,2011-05-03
703,20,1,3,1,3,5,3,4,2011-04-30
702,20,4,1,1,3,3,3,1,2011-04-28
701,20,2,1,1,3,3,4,3,2011-04-26
700,20,2,1,5,5,3,4,1,2011-04-23
699,20,5,5,3,3,1,4,5,2011-04-21
698,20,2,4,4,5,2,2,5,2011-04-19
697,20,5,1,2,3,4,1,2,2011-04-16
696,20,3,5,3,3,4,4,4,2011-04-14
695,20,3,4,5,1,1,3,4,2011-04-12
694,20,4,1,4,2,1,2,4,2011-04-09
693,20,2,1,5,3,3,2,4,2011-04-07
692,20,5,1,1,2,4,3,2,2011-04-05
691,20,5,2,2,4,3,1,3,2011-04-02
690,20,4,5,5,2,5,3,2,2011-03-31
689,20,3,1,2,5,1,4,1,2011-03-29
688,20,5,1,5,4,5,5,5,2011-03-26
687,20,5,2,3,2,1,5,3,2011-03-24
686,20,2,1,4,5,2,4,4,2011-03-22
685,20,3,5,3,1,4,3,3,2011-03-19
684,20,3,1,1,3,2,2,1,2011-03-17
683,20,4,5,4,1,3,4,2,2011-03-15
682,20,1,1,4,5,1,5,4,2011-03-12
681,20,5,2,3,5,1,1,3,2011-03-10
680,20,4,4,2,5,4,2,3,2011-03-08
679,20,1,1,4,1,5,3,2,2011-03-05
678,20,2,3,3,2,4,2,2,2011-03-03
677,20,4,3,4,3,4,3,3,2011-03-01
676,20,2,4,2,1,5,4,5,2011-02-26
675,20,1,1,5,4,3,3,3,2011-02-24
674,20,4,5,2,4,5,5,1,2011-02-22
673,20,3,1,1,4,2,3,1,2011-02-19
672,20,1,3,5,4,2,2,2,2011-02-17
671,20,3,3,2,3,1,4,5,2011-02-15
670,20,5,4,3,4,4,5,4,2011-02-12
669,20,3,2,5,5,2,2,3,2011-02-10
668,20,2,2,1,4,4,5,5,2011-02-08
667,20,3,3,2,3,2,1,1,2011-02-05
666,20,3,5,1,1,5,3,4,2011-02-03
665,20,3,1,1,3,4,4,3,2011-02-01
664,20,5,5,3,2,5,2,3,2011-01-29
663,20,5,3,1,4,4,3,2,2011-01-27
662,20,5,5,1,2,3,4,2,2011-01-25
661,20,3,1,5,5,1,1,1,2011-01-22
660,20,3,5,2,4,4,3,3,2011-01-20
659,20,2,2,4,3,3,3,4,2011-01-18
658,20,2,2,5,1,2,5,4,2011-01-15
657,20,1,2,3,5,3,2,1,2011-01-13
656,20,5,1,1,2,1,5,3,2011-01-11
655,20,2,1,1,4,3,3,2,2011-01-08
654,20,2,4,2,3,3,5,2,2011-01-06
653,20,5,5,3,3,1,2,4,2011-01-04
652,20,5,4,2,1,5,1,1,2011-01-01
651,20,5,2,1,4,4,2,5,2010-12-30
650,20,2,3,5,4,2,5,1,2010-12-28
649,20,4,2,1,3,5,2,5,2010-12-25
648,20,2,2,5,1,3,1,3,2010-12-23
647,20,1,2,5,3,1,1,5,2010-12-21
646,20,1,1,1,5,5,1,2,2010-12-18
645,20,3,5,1,5,1,2,1,2010-12-16
644,20,3,4,2,2,1,5,1,2010-12-14
643,20,2,2,3,1,5,2,4,2010-12-11
642,20,5,1,5,1,3,5,4,2010-12-09
641,20,1,2,4,1,4,5,2,2010-12-07
640,20,1,3,4,4,5,2,5,2010-12-04
639,20,4,1,2,2,3,2,5,2010-12-02
638,20,4,4,4,2,3,2,2,2010-11-30
637,20,3,3,3,5,1,4,3,2010-11-27
636,20,2,1,1,1,3,4,3,2010-11-25
635,20,5,2,5,3,1,3,4,2010-11-23
634,20,2,4,2,3,3,4,1,2010-11-20
633,20,5,4,4,2,5,4,4,2010-11-18
632,20,1,5,3,1,4,3,1,2010-11-16
631,20,3,1,2,2,3,5,4,2010-11-13
630,20,5,2,1,1,4,2,2,2010-11-11
629,20,5,4,4,5,4,2,4,2010-11-09
628,20,5,4,3,4,4,4,1,2010-11-06
627,20,3,1,4,3,1,2,5,2010-11-04
626,20,4,5,3,5,5,5,1,2010-11-02
625,20,3,4,4,3,2,3,3,2010-10-30
624,20,4,1,2,1,3,1,4,2010-10-28
623,20,4,3,1,1,1,4,5,2010-10-26
622,20,3,2,4,1,2,2,5,2010-10-23
621,20,1,2,4,5,2,2,4,2010-10-21
620,20,3,3,5,1,5,4,3,2010-10-19
619,20,5,5,1,2,2,4,2,2010-10-16
618,20,2,5,2,4,1,5,5,2010-10-14
617,20,5,4,2,2,3,3,2,2010-10-12
616,20,3,2,4,2,1,3,4,2010-10-09
615,20,1,2,3,4,1,3,5,2010-10-07
614,20,3,5,5,4,1,3,4,2010-10-05
613,20,5,3,5,4,1,1,4,2010-10-02
612,20,1,3,3,1,2,3,4,2010-09-30
611,20,3,3,5,5,4,2,5,2010-09-28
610,20,3,5,2,4,3,4,4,2010-09-25
609,20,1,1,2,5,5,4,4,2010-09-23
608,20,5,4,3,5,2,2,2,2010-09-21
607,20,5,4,2,2,2,3,3,2010-09-18
606,20,3,5,1,5,2,1,3,2010-09-16
605,20,3,5,4,5,4,4,4,2010-09-14
604,20,3,2,4,1,4,1,2,2010-09-11
603,20,2,2,2,4,5,5,4,2010-09-09
602,20,1,1,1,2,4,1,1,2010-09-07
601,20,4,5,1,2,2,3,5,2010-09-04
600,20,1,3,3,3,1,4,1,2010-09-02
599,20,3,4,4,5,3,4,2,2010-08-31
598,20,3,3,3,4,2,2,1,2010-08-28
597,20,5,3,5,1,4,3,3,2010-08-26
596,20,5,4,2,4,2,2,3,2010-08-24
595,20,1,3,3,5,2,3,4,2010-08-21
594,20,1,5,2,4,4,5,4,2010-08-19
593,20,1,3,5,1,5,5,2,2010-08-17
592,20,1,4,4,4,4,1,1,2010-08-14
591,20,2,5,2,2,2,2,2,2010-08-12
590,20,2,2,4,4,1,4,4,2010-08-10
589,20,2,2,4,5,3,5,5,2010-08-07
588,20,5,2,1,5,1,4,3,2010-08-05
587,20,5,4,2,1,4,2,5,2010-08-03
586,20,3,5,2,5,3,1,4,2010-07-31
585,20,4,5,3,1,5,2,3,2010-07-29
584,20,4,3,3,3,2,5,5,2010-07-27
583,20,3,4,2,5,4,2,2,2010-07-24
582,20,2,1,1,5,5,2,2,2010-07-22
581,20,1,5,4,3,2,5,2,2010-07-20
580,20,3,3,3,2,2,1,2,2010-07-17
579,20,4,4,4,4,2,3,3,2010-07-15
578,20,1,1,1,1,3,5,2,2010-07-13
577,20,1,5,1,5,3,5,1,2010-07-10
576,20,1,2,2,5,5,2,3,2010-07-08
575,20,1,1,4,3,3,2,4,2010-07-06
574,20,5,2,4,5,4,2,3,2010-07-03
573,20,1,5,3,2,4,2,1,2010-07-01
572,20,1,2,1,4,4,4,4,2010-06-29
571,20,1,4,4,1,3,4,5,2010-06-26
570,20,5,5,3,2,1,3,2,2010-06-24
569,20,2,3,2,3,2,3,1,2010-06-22
568,20,2,5,5,2,1,5,2,2010-06-19
567,20,2,2,1,1,3,3,5,2010-06-17
566,20,1,5,3,4,4,5,4,2010-06-15
565,20,3,4,3,4,1,2,4,2010-06-12
564,20,4,3,3,2,4,5,1,2010-06-10
563,20,4,3,2,5,1,4,2,2010-06-08
562,20,4,5,2,4,5,3,1,2010-06-05
561,20,4,3,3,4,4,1,3,2010-06-03
560,20,4,1,1,5,5,4,2,2010-06-01
559,20,1,4,1,4,3,2,4,2010-05-29
558,20,3,2,5,3,3,4,5,2010-05-27
557,20,4,1,5,3,2,3,1,2010-05-25
556,20,3,1,5,3,3,5,5,2010-05-22
555,20,4,5,3,2,3,2,2,2010-05-20
554,20,5,5,5,1,4,3,1,2010-05-18
553,20,5,5,1,4,5,5,3,2010-05-15
552,20,4,2,5,1,4,3,2,2010-05-13
551,20,4,4,5,2,5,5,2,2010-05-11
550,20,5,4,1,2,5,4,4,2010-05-08
549,20,3,5,4,3,2,5,3,2010-05-06
548,20,5,5,3,3,4,3,5,2010-05-04
547,20,4,4,4,1,4,3,3,2010-05-01
546,20,5,3,2,4,5,3,2,2010-04-29
545,20,4,4,4,4,3,3,5,2010-04-27
544,20,4,4,3,5,4,5,5,2010-04-24
543,20,1,1,4,3,5,1,2,2010-04-22
542,20,5,3,2,4,4,5,4,2010-04-20
541,20,2,1,5,4,5,2,4,2010-04-17
540,20,2,1,1,2,3,1,2,2010-04-15
539,20,1,2,4,2,2,3,3,2010-04-13
538,20,2,1,4,4,1,2,4,2010-04-10
537,20,3,3,1,5,3,4,5,2010-04-08
536,20,2,1,5,4,4,3,5,2010-04-06
535,20,3,2,5,2,1,4,1,2010-04-03
534,20,1,3,3,4,4,1,2,2010-04-01
533,20,1,2,1,2,2,2,3,2010-03-30
532,20,4,4,2,4,1,4,3,2010-03-27
531,20,5,5,1,5,5,5,4,2010-03-25
530,20,4,2,5,2,5,4,2,2010-03-23
529,20,2,4,4,3,2,5,1,2010-03-20
528,20,2,2,5,2,5,1,4,2010-03-18
527,20,3,1,5,4,3,3,2,2010-03-16
526,20,4,3,4,4,4,2,3,2010-03-13
525,20,5,4,2,1,5,1,5,2010-03-11
524,20,4,2,4,2,2,3,4,2010-03-09
523,20,1,3,4,5,1,5,5,2010-03-06
522,20,2,1,1,5,4,2,1,2010-03-04
521,20,2,2,3,1,5,3,4,2010-03-02
520,20,4,2,4,1,1,1,5,2010-02-27
519,20,1,1,3,1,2,5,1,2010-02-25
518,20,2,3,3,3,5,3,5,2010-02-23
517,20,5,4,5,3,5,3,4,2010-02-20
516,20,4,2,1,1,2,2,3,2010-02-18
515,20,1,5,3,5,2,1,4,2010-02-16
514,20,2,2,2,5,4,1,5,2010-02-13
513,20,2,5,3,3,4,3,1,2010-02-11
512,20,1,2,2,4,3,4,3,2010-02-09
511,20,5,3,2,1,1,4,5,2010-02-06
510,20,4,5,5,4,3,2,1,2010-02-04
509,20,5,2,3,3,2,2,2,2010-02-02
508,20,3,2,2,1,1,3,5,2010-01-30
507,20,4,2,2,1,1,3,3,2010-01-28
506,20,2,3,1,4,2,5,2,2010-01-26
505,20,5,5,5,4,5,4,5,2010-01-23
504,20,1,2,2,1,2,4,3,2010-01-21
503,20,2,2,4,3,2,4,4,2010-01-19
502,20,4,2,5,1,4,4,3,2010-01-16
501,20,4,5,5,3,2,1,5,2010-01-14
500,20,5,1,2,1,4,3,4,2010-01-12
499,20,2,3,3,5,3,3,2,2010-01-09
498,20,4,1,5,5,5,3,5,2010-01-07
497,20,1,1,1,4,5,5,2,2010-01-05
496,20,4,4,1,3,1,1,1,2010-01-02
495,20,5,2,1,4,5,5,3,2009-12-31
494,20,1,1,4,2,3,3,1,2009-12-29
493,20,2,2,5,1,3,1,2,2009-12-26
492,20,2,5,5,3,5,1,4,2009-12-24
491,20,2,5,3,4,4,2,3,2009-12-22
490,20,1,4,3,4,2,2,3,2009-12-19
489,20,3,1,4,2,5,3,4,2009-12-17
488,20,3,2,5,1,5,5,4,2009-12-15
487,20,3,1,3,4,3,5,4,2009-12-12
486,20,3,3,5,5,1,1,2,2009-12-10
485,20,5,4,2,2,1,4,1,2009-12-08
484,20,4,2,2,4,1,4,3,2009-12-05
483,20,2,3,1,2,4,3,3,2009-12-03
482,20,3,1,3,2,5,1,5,2009-12-01
481,20,4,4,1,5,5,3,5,2009-11-28
480,20,4,3,4,3,5,5,4,2009-11-26
479,20,2,3,2,4,4,2,5,2009-11-24
478,20,1,3,1,3,4,2,4,2009-11-21
477,20,5,1,2,5,3,3,3,2009-11-19
476,20,1,4,5,4,4,5,4,2009-11-17
475,20,2,1,3,4,4,3,5,2009-11-14
474,20,5,4,4,5,1,4,2,2009-11-12
473,20,3,2,3,3,1,2,3,2009-11-10
472,20,2,5,1,1,2,1,4,2009-11-07
471,20,5,1,2,4,2,5,2,2009-11-05
470,20,3,2,4,5,3,2,4,2009-11-03
469,20,1,2,3,5,5,2,3,2009-10-31
468,20,1,2,5,4,3,3,5,2009-10-29
467,20,1,3,1,3,1,5,5,2009-10-27
466,20,4,4,3,5,1,2,5,2009-10-24
465,20,5,1,5,2,3,4,1,2009-10-22
464,20,3,3,1,1,2,5,5,2009-10-20
463,20,1,1,5,4,2,5,4,2009-10-17
462,20,1,5,4,3,1,5,5,2009-10-15
461,20,5,3,2,5,4,2,1,2009-10-13
460,20,1,4,4,4,4,1,3,2009-10-10
459,20,2,1,2,4,1,5,1,2009-10-08
458,20,2,2,4,1,4,3,5,2009-10-06
457,20,5,3,5,2,5,3,3,2009-10-03
456,20,5,2,1,5,3,2,1,2009-10-01
455,20,4,1,5,3,2,2,5,2009-09-29
454,20,3,4,2,5,1,5,2,2009-09-26
453,20,3,4,3,3,4,2,1,2009-09-24
452,20,3,3,1,2,4,4,5,2009-09-22
451,20,3,5,3,1,5,5,4,2009-09-19
450,20,3,2,4,4,4,2,4,2009-09-17
449,20,1,3,2,5,3,3,3,2009-09-15
448,20,2,1,1,1,3,3,5,2009-09-12
447,20,3,5,2,2,1,3,1,2009-09-10
446,20,1,3,5,1,4,3,1,2009-09-08
445,20,1,1,1,5,3,2,5,2009-09-05
444,20,1,2,1,3,1,3,4,2009-09-03
443,20,5,4,5,4,2,2,5,2009-09-01
442,20,2,3,5,4,5,3,4,2009-08-29
441,20,1,1,5,5,4,5,1,2009-08-27
440,20,4,5,1,3,2,4,5,2009-08-25
439,20,2,3,2,1,4,3,5,2009-08-22
438,20,5,5,2,1,4,3,4,2009-08-20
437,20,2,1,5,2,5,2,2,2009-08-18
436,20,4,1,5,1,5,1,2,2009-08-15
435,20,5,5,4,5,5,3,3,2009-08-13
434,20,4,2,5,3,2,2,4,2009-08-11
433,20,3,2,5,2,4,5,3,2009-08-08
432,20,3,2,1,1,5,5,5,2009-08-06
431,20,4,4,1,3,4,2,5,2009-08-04
430,20,2,2,4,5,5,5,3,2009-08-01
429,20,3,2,5,3,4,1,3,2009-07-30
428,20,4,2,2,3,5,3,1,2009-07-28
427,20,5,1,1,5,3,5,2,2009-07-25
426,20,4,2,1,3,5,2,5,2009-07-23
425,20,5,3,4,5,2,2,4,2009-07-21
424,20,2,1,2,2,2,5,5,2009-07-18
423,20,2,5,4,2,3,5,3,2009-07-16
422,20,4,2,1,2,4,5,4,2009-07-14
421,20,5,5,1,4,3,2,3,2009-07-11
420,20,2,2,2,1,1,1,5,2009-07-09
419,20,5,4,5,5,1,2,3,2009-07-07
418,20,2,1,2,3,4,5,1,2009-07-04
417,20,5,1,2,3,2,5,1,2009-07-02
416,20,4,4,5,2,2,4,3,2009-06-30
415,20,2,5,3,1,5,5,4,2009-06-27
414,20,1,1,2,1,4,2,5,2009-06-25
413,20,1,2,5,1,3,3,5,2009-06-23
412,20,3,2,1,5,3,5,4,2009-06-20
411,20,3,1,4,5,3,2,2,2009-06-18
410,20,3,1,5,2,4,4,4,2009-06-16
409,20,3,1,5,3,3,2,3,2009-06-13
408,20,3,1,1,4,4,1,4,2009-06-11
407,20,4,3,1,3,2,5,3,2009-06-09
406,20,5,5,5,5,2,1,2,2009-06-06
405,20,3,4,5,5,3,4,3,2009-06-04
404,20,4,3,5,3,3,4,1,2009-06-02
403,20,4,2,3,3,5,2,5,2009-05-30
402,20,4,4,5,2,3,2,3,2009-05-28
401,20,5,1,4,3,4,5,4,2009-05-26
400,20,5,1,1,4,4,1,1,2009-05-23
399,20,1,2,5,4,5,1,3,2009-05-21
398,20,4,3,1,4,2,3,4,2009-05-19
397,20,2,5,5,2,5,2,1,2009-05-16
396,20,4,1,2,1,1,1,1,2009-05-14
395,20,1,5,5,1,3,5,1,2009-05-12
394,20,2,1,3,4,3,1,2,2009-05-09
393,20,1,1,2,4,1,3,2,2009-05-07
392,20,4,5,3,1,2,3,5,2009-05-05
391,20,4,2,5,1,2,1,2,2009-05-02
390,20,5,3,5,3,5,3,3,2009-04-30
389,20,2,1,2,2,5,5,5,2009-04-28
388,20,5,5,1,1,1,3,2,2009-04-25
387,20,5,5,4,1,5,1,5,2009-04-23
386,20,2,1,1,2,4,3,5,2009-04-21
385,20,5,3,3,5,4,3,4,2009-04-18
384,20,5,4,1,4,2,2,3,2009-04-16
383,20,4,5,5,3,3,1,1,2009-04-14
382,20,3,3,1,4,4,2,5,2009-04-11
381,20,3,1,4,4,2,5,5,2009-04-09
380,20,3,4,2,5,4,4,5,2009-04-07
379,20,5,1,3,5,2,2,1,2009-04-04
378,20,5,1,2,4,4,4,5,2009-04-02
377,20,1,1,3,2,1,1,2,2009-03-31
376,20,3,1,5,5,2,5,5,2009-03-28
375,20,1,2,5,3,3,1,5,2009-03-26
374,20,2,2,1,2,3,5,5,2009-03-24
373,20,3,4,5,2,3,2,3,2009-03-21
372,20,5,2,1,1,5,4,5,2009-03-19
371,20,3,1,4,5,4,4,4,2009-03-17
370,20,4,3,4,2,5,3,2,2009-03-14
369,20,4,1,3,5,5,4,5,2009-03-12
368,20,2,5,1,5,2,3,2,2009-03-10
367,20,4,2,1,1,5,5,3,2009-03-07
366,20,4,1,4,4,5,2,1,2009-03-05
365,20,2,2,1,1,3,5,5,2009-03-03
364,20,1,5,4,3,5,3,5,2009-02-28
363,20,3,1,5,5,4,3,4,2009-02-26
362,20,1,4,3,3,5,4,3,2009-02-24
361,20,5,4,2,1,1,1,3,2009-02-21
360,20,4,4,1,2,4,4,2,2009-02-19
359,20,1,2,5,3,5,5,4,2009-02-17
358,20,2,3,2,2,3,5,2,2009-02-14
357,20,3,1,1,3,2,5,5,2009-02-12
356,20,5,2,5,5,3,1,3,2009-02-10
355,20,5,3,2,4,3,5,2,2009-02-07
354,20,4,4,2,3,4,1,4,2009-02-05
353,20,3,1,1,1,4,2,3,2009-02-03
352,20,1,1,1,1,3,2,3,2009-01-31
351,20,1,3,2,4,2,4,5,2009-01-29
350,20,1,2,5,4,3,1,5,2009-01-27
349,20,1,4,5,2,4,5,3,2009-01-24
348,20,1,5,1,5,1,2,2,2009-01-22
347,20,3,4,5,5,4,3,5,2009-01-20
346,20,1,2,2,3,5,3,3,2009-01-17
345,20,3,2,2,2,3,2,4,2009-01-15
344,20,4,4,4,1,2,4,2,2009-01-13
343,20,5,2,2,2,5,3,3,2009-01-10
342,20,3,5,2,5,5,5,4,2009-01-08
341,20,3,5,4,5,5,2,1,2009-01-06
340,20,3,1,2,1,1,4,1,2009-01-03
339,20,1,3,3,4,2,4,1,2009-01-01
338,20,1,4,4,1,2,2,3,2008-12-30
337,20,1,4,3,5,4,1,4,2008-12-27
336,20,3,3,4,3,1,4,5,2008-12-25
335,20,4,3,5,4,2,5,3,2008-12-23
334,20,5,3,3,3,4,2,1,2008-12-20
333,20,1,3,1,2,4,5,5,2008-12-18
332,20,5,3,2,3,5,4,1,2008-12-16
331,20,3,1,4,4,5,5,5,2008-12-13
330,20,5,2,3,4,5,1,3,2008-12-11
329,20,1,2,2,3,5,2,1,2008-12-09
328,20,3,2,1,4,3,4,4,2008-12-06
327,20,2,1,2,5,1,3,1,2008-12-04
326,20,5,4,5,2,1,3,5,2008-12-02
325,20,2,3,1,1,3,1,4,2008-11-29
324,20,4,3,4,4,2,1,1,2008-11-27
323,20,1,3,5,3,2,2,3,2008-11-25
322,20,2,3,2,4,2,4,1,2008-11-22
321,20,2,4,1,4,1,4,2,2008-11-20
320,20,1,3,1,1,2,4,2,2008-11-18
319,20,3,1,2,3,4,2,2,2008-11-15
318,20,3,2,2,3,2,2,5,2008-11-13
317,20,4,2,2,3,5,2,2,2008-11-11
316,20,4,4,3,5,3,2,4,2008-11-08
315,20,2,5,5,1,1,1,3,2008-11-06
314,20,2,2,5,1,3,1,4,2008-11-04
313,20,2,2,2,4,2,3,3,2008-11-01
312,20,1,2,4,1,3,2,2,2008-10-30
311,20,3,2,1,5,4,3,5,2008-10-28
310,20,4,4,1,4,3,5,2,2008-10-25
309,20,3,5,4,5,5,5,2,2008-10-23
308,20,1,3,4,2,5,4,5,2008-10-21
307,20,1,2,5,2,1,4,2,2008-10-18
306,20,5,3,1,5,1,2,2,2008-10-16
305,20,4,4,4,4,5,2,1,2008-10-14
304,20,1,3,3,2,4,2,2,2008-10-11
303,20,5,4,2,2,2,3,2,2008-10-09
302,20,5,5,1,4,5,5,2,2008-10-07
301,20,4,5,3,3,1,2,2,2008-10-04
300,20,4,5,5,1,4,4,4,2008-10-02
299,20,4,2,5,2,1,1,2,2008-09-30
298,20,5,4,4,3,5,2,3,2008-09-27
297,20,1,5,3,5,1,1,3,2008-09-25
296,20,1,3,5,3,2,4,5,2008-09-23
295,20,5,1,3,3,3,2,3,2008-09-20
294,20,2,2,3,2,1,5,2,2008-09-18
293,20,3,5,1,1,5,5,4,2008-09-16
292,20,4,1,5,4,3,5,2,2008-09-13
291,20,4,5,2,3,1,5,5,2008-09-11
290,20,5,4,1,3,2,4,5,2008-09-09
289,20,3,3,2,3,1,5,2,2008-09-06
288,20,5,2,5,1,4,5,2,2008-09-04
287,20,3,2,4,4,3,1,5,2008-09-02
286,20,5,1,5,4,1,5,5,2008-08-30
285,20,3,4,3,3,3,1,3,2008-08-28
284,20,1,3,5,5,4,5,2,2008-08-26
283,20,2,4,5,4,1,3,2,2008-08-23
282,20,4,3,2,1,2,2,5,2008-08-21
281,20,4,2,5,3,3,4,2,2008-08-19
280,20,3,3,5,2,3,4,4,2008-08-16
279,20,3,5,2,2,5,2,5,2008-08-14
278,20,2,1,1,5,3,3,1,2008-08-12
277,20,1,5,4,5,3,3,2,2008-08-09
276,20,5,2,2,1,4,2,5,2008-08-07
275,20,5,4,3,2,5,2,4,2008-08-05
274,20,2,1,4,1,4,4,1,2008-08-02
273,20,2,3,3,4,5,1,1,2008-07-31
272,20,4,4,2,1,4,2,1,2008-07-29
271,20,1,2,5,5,5,5,4,2008-07-26
270,20,3,2,4,1,3,5,2,2008-07-24
269,20,2,4,5,2,1,1,4,2008-07-22
268,20,3,4,4,2,4,1,1,2008-07-19
267,20,4,1,2,3,5,3,1,2008-07-17
266,20,1,4,5,5,3,1,1,2008-07-15
265,20,1,5,5,5,1,2,5,2008-07-12
264,20,1,3,2,1,1,5,2,2008-07-10
263,20,5,4,3,1,4,4,2,2008-07-08
262,20,4,5,5,4,4,1,1,2008-07-05
261,20,2,4,1,5,4,4,3,2008-07-03
260,20,1,3,5,3,2,5,4,2008-07-01
259,20,4,1,5,2,4,1,5,2008-06-28
258,20,3,5,5,4,4,1,1,2008-06-26
257,20,2,2,1,2,1,3,2,2008-06-24
256,20,3,3,5,4,5,3,5,2008-06-21
255,20,3,2,2,3,2,2,3,2008-06-19
254,20,4,4,1,4,3,3,4,2008-06-17
253,20,2,5,5,3,4,5,2,2008-06-14
252,20,2,1,3,5,3,2,1,2008-06-12
251,20,2,4,5,2,3,4,1,2008-06-10
250,20,1,1,3,4,5,3,4,2008-06-07
249,20,3,3,1,2,1,4,1,2008-06-05
248,20,1,4,4,1,5,4,2,2008-06-03
247,20,3,4,5,1,3,1,1,2008-05-31
246,20,1,5,4,4,2,2,2,2008-05-29
245,20,4,2,3,5,3,4,1,2008-05-27
244,20,3,1,1,3,3,2,1,2008-05-24
243,20,5,3,5,5,1,1,2,2008-05-22
242,20,2,4,5,4,1,4,3,2008-05-20
241,20,3,2,2,3,2,4,5,2008-05-17
240,20,1,5,1,5,5,3,5,2008-05-15
239,20,4,3,4,4,1,2,2,2008-05-13
238,20,4,3,5,3,4,5,3,2008-05-10
237,20,4,1,4,3,4,1,2,2008-05-08
236,20,5,4,5,1,3,4,2,2008-05-06
235,20,1,2,5,5,5,3,5,2008-05-03
234,20,3,2,5,1,3,3,4,2008-05-01
233,20,5,1,1,2,3,2,5,2008-04-29
232,20,5,1,2,2,3,2,5,2008-04-26
231,20,4,2,1,3,3,5,5,2008-04-24
230,20,5,4,1,4,5,3,1,2008-04-22
229,20,5,2,3,1,4,1,3,2008-04-19
228,20,1,1,1,5,4,4,5,2008-04-17
227,20,3,5,4,2,5,5,2,2008-04-15
226,20,4,4,3,3,1,3,1,2008-04-12
225,20,3,2,3,4,2,5,1,2008-04-10
224,20,5,1,1,4,1,1,4,2008-04-08
223,20,4,4,4,2,2,2,4,2008-04-05
222,20,5,5,3,5,3,1,4,2008-04-03
221,20,5,1,5,4,2,3,3,2008-04-01
220,20,1,3,3,4,1,4,2,2008-03-29
219,20,5,1,5,4,1,3,3,2008-03-27
218,20,2,4,5,4,2,3,5,2008-03-25
217,20,5,1,1,3,3,5,3,2008-03-22
216,20,3,1,1,2,1,3,1,2008-03-20
215,20,3,4,1,5,1,5,2,2008-03-18
214,20,3,3,4,4,4,5,4,2008-03-15
213,20,2,1,2,4,1,5,3,2008-03-13
212,20,1,2,4,1,3,2,2,2008-03-11
211,20,4,3,4,5,1,1,3,2008-03-08
210,20,5,5,1,2,1,4,4,2008-03-06
209,20,3,5,4,1,3,3,2,2008-03-04
208,20,5,5,4,5,1,2,1,2008-03-01
207,20,3,1,5,2,1,4,4,2008-02-28
206,20,1,3,4,2,4,5,1,2008-02-26
205,20,2,4,2,2,2,5,5,2008-02-23
204,20,1,1,5,5,2,1,5,2008-02-21
203,20,5,5,4,2,3,2,4,2008-02-19
202,20,5,1,4,3,4,4,3,2008-02-16
201,20,3,2,5,1,3,4,4,2008-02-14
200,20,4,5,2,2,4,5,2,2008-02-12
199,20,3,3,1,3,3,5,4,2008-02-09
198,20,1,2,4,1,3,1,4,2008-02-07
197,20,5,2,1,3,3,4,1,2008-02-05
196,20,1,2,1,5,4,3,3,2008-02-02
195,20,2,5,3,4,2,5,4,2008-01-31
194,20,2,2,1,5,3,3,3,2008-01-29
193,20,5,3,1,1,5,3,1,2008-01-26
192,20,5,2,1,4,3,3,4,2008-01-24
191,20,5,5,5,4,4,5,4,2008-01-22
190,20,2,4,3,4,4,4,1,2008-01-19
189,20,4,1,2,1,5,4,3,2008-01-17
188,20,4,3,3,5,5,5,3,2008-01-15
187,20,4,5,5,2,3,2,3,2008-01-12
186,20,4,5,3,4,2,2,1,2008-01-10
185,20,4,5,3,2,3,5,1,2008-01-08
184,20,4,2,1,2,5,2,1,2008-01-05
183,20,1,5,5,5,2,1,4,2008-01-03
182,20,3,3,3,5,5,5,4,2008-01-01
181,20,5,5,1,2,1,2,5,2007-12-29
180,20,2,3,5,5,4,2,3,2007-12-27
179,20,5,5,1,2,1,5,2,2007-12-25
178,20,4,1,1,5,1,1,3,2007-12-22
177,20,3,5,2,3,4,1,5,2007-12-20
176,20,4,3,5,5,1,4,5,2007-12-18
175,20,2,1,2,3,4,2,4,2007-12-15
174,20,4,3,2,5,3,4,2,2007-12-13
173,20,3,5,4,5,1,5,3,2007-12-11
172,20,3,5,3,1,4,5,4,2007-12-08
171,20,2,4,5,3,4,2,5,2007-12-06
170,20,3,2,3,1,5,3,5,2007-12-04
169,20,4,4,4,2,1,4,3,2007-12-01
168,20,5,1,1,3,5,2,4,2007-11-29
167,20,3,5,1,4,2,4,5,2007-11-27
166,20,1,1,3,2,1,4,3,2007-11-24
165,20,3,5,2,5,3,3,3,2007-11-22
164,20,5,3,3,5,1,1,1,2007-11-20
163,20,5,3,5,4,3,1,4,2007-11-17
162,20,3,4,3,5,3,1,2,2007-11-15
161,20,5,3,3,5,5,1,4,2007-11-13
160,20,5,4,5,1,1,5,1,2007-11-10
159,20,3,5,1,3,3,2,2,2007-11-08
158,20,2,5,5,4,5,2,5,2007-11-06
157,20,1,4,1,1,3,3,1,2007-11-03
156,20,4,5,3,1,2,4,3,2007-11-01
155,20,3,1,5,3,5,1,4,2007-10-30
154,20,5,2,3,5,1,3,3,2007-10-27
153,20,1,2,4,3,5,3,5,2007-10-25
152,20,3,4,5,4,3,1,4,2007-10-23
151,20,5,1,3,4,2,2,1,2007-10-20
150,20,2,2,4,2,3,1,1,2007-10-18
149,20,4,3,2,4,2,5,3,2007-10-16
148,20,4,5,4,2,2,2,3,2007-10-13
147,20,5,3,3,5,2,4,3,2007-10-11
146,20,3,1,2,3,2,4,2,2007-10-09
145,20,5,4,1,5,2,1,2,2007-10-06
144,20,4,3,3,3,5,3,2,2007-10-04
143,20,3,2,1,2,4,1,2,2007-10-02
142,20,4,3,4,3,4,2,2,2007-09-29
141,20,2,4,5,4,5,5,1,2007-09-27
140,20,4,5,5,4,1,4,3,2007-09-25
139,20,3,3,2,5,1,2,3,2007-09-22
138,20,3,3,5,4,3,4,1,2007-09-20
137,20,5,2,2,2,3,5,5,2007-09-18
136,20,4,2,5,5,3,4,4,2007-09-15
135,20,2,4,2,2,2,1,5,2007-09-13
134,20,5,3,5,3,1,1,1,2007-09-11
133,20,4,1,4,4,2,4,1,2007-09-08
132,20,1,4,4,5,1,4,5,2007-09-06
131,20,4,3,4,1,3,2,1,2007-09-04
130,20,1,2,5,4,5,2,3,2007-09-01
129,20,2,2,4,1,1,1,3,2007-08-30
128,20,5,2,3,3,3,2,3,2007-08-28
127,20,3,4,3,4,4,4,4,2007-08-25
126,20,4,2,4,1,3,3,1,2007-08-23
125,20,1,1,5,2,2,2,1,2007-08-21
124,20,1,4,1,5,2,5,5,2007-08-18
123,20,3,2,5,2,4,5,2,2007-08-16
122,20,3,5,5,1,5,5,1,2007-08-14
121,20,5,5,5,2,1,4,5,2007-08-11
120,20,5,3,5,2,4,1,4,2007-08-09
119,20,1,4,3,3,5,2,1,2007-08-07
118,20,3,5,5,4,4,1,3,2007-08-04
117,20,3,2,1,2,1,1,2,2007-08-02
116,20,2,2,2,2,3,4,2,2007-07-31
115,20,4,1,5,4,2,3,2,2007-07-28
114,20,1,4,2,2,4,1,2,2007-07-26
113,20,4,2,2,5,3,3,1,2007-07-24
112,20,3,1,1,5,4,4,4,2007-07-21
111,20,5,3,4,2,1,2,3,2007-07-19
110,20,4,3,4,4,2,4,1,2007-07-17
109,20,4,5,5,4,1,2,2,2007-07-14
108,20,5,1,5,2,2,1,1,2007-07-12
107,20,4,4,4,2,5,1,2,2007-07-10
106,20,2,3,4,5,4,5,1,2007-07-07
105,20,2,4,1,5,3,2,5,2007-07-05
104,20,4,3,1,2,5,3,3,2007-07-03
103,20,1,4,3,3,2,2,1,2007-06-30
102,20,1,1,3,1,5,4,3,2007-06-28
101,20,2,3,3,2,1,1,5,2007-06-26
100,20,2,4,2,2,4,5,4,2007-06-23
99,20,2,2,4,3,1,5,4,2007-06-21
98,20,4,5,4,4,3,5,5,2007-06-19
97,20,1,4,5,5,2,3,3,2007-06-16
96,20,1,5,5,2,1,4,1,2007-06-14
95,20,1,2,3,3,4,4,4,2007-06-12
94,20,2,5,3,1,2,1,2,2007-06-09
93,20,4,1,4,5,1,2,1,2007-06-07
92,20,4,2,5,5,4,2,1,2007-06-05
91,20,5,3,3,4,5,2,1,2007-06-02
90,20,3,2,4,3,1,5,3,2007-05-31
89,20,1,4,2,2,3,2,4,2007-05-29
88,20,3,1,4,5,2,2,5,2007-05-26
87,20,2,5,1,2,1,2,3,2007-05-24
86,20,5,5,1,5,5,1,4,2007-05-22
85,20,4,1,1,3,2,4,4,2007-05-19
84,20,1,4,3,1,4,2,2,2007-05-17
83,20,1,3,4,2,2,4,3,2007-05-15
82,20,5,1,5,1,3,2,2,2007-05-12
81,20,5,1,2,5,4,2,5,2007-05-10
80,20,2,4,4,4,3,3,5,2007-05-08
79,20,5,2,3,5,2,5,4,2007-05-05
78,20,2,4,3,5,2,3,5,2007-05-03
77,20,3,2,4,1,1,5,3,2007-05-01
76,20,2,5,4,3,1,4,5,2007-04-28
75,20,2,1,4,3,1,5,1,2007-04-26
74,20,1,5,5,5,3,1,3,2007-04-24
73,20,5,1,5,3,4,3,5,2007-04-21
72,20,5,1,2,1,3,1,1,2007-04-19
71,20,1,5,4,5,5,1,5,2007-04-17
70,20,5,5,2,5,5,3,2,2007-04-14
69,20,5,2,2,4,1,1,3,2007-04-12
68,20,1,1,5,2,3,2,3,2007-04-10
67,20,5,5,1,4,3,3,4,2007-04-07
66,20,1,4,1,2,4,3,3,2007-04-05
65,20,2,4,3,5,4,1,4,2007-04-03
64,20,5,4,2,2,1,5,5,2007-03-31
63,20,5,3,3,1,1,2,3,2007-03-29
62,20,1,3,1,4,3,4,4,2007-03-27
61,20,1,2,1,2,3,2,3,2007-03-24
60,20,3,2,2,1,2,5,3,2007-03-22
59,20,1,1,1,3,2,3,3,2007-03-20
58,20,3,1,3,1,5,4,1,2007-03-17
57,20,5,2,4,1,3,5,2,2007-03-15
56,20,5,2,3,3,3,2,5,2007-03-13
55,20,4,3,2,5,3,5,4,2007-03-10
54,20,5,3,2,3,1,3,4,2007-03-08
53,20,1,2,4,1,5,4,3,2007-03-06
52,20,2,1,2,2,2,1,1,2007-03-03
51,20,1,3,5,2,3,1,2,2007-03-01
50,20,4,3,3,3,2,4,1,2007-02-27
49,20,4,2,5,4,2,2,5,2007-02-24
48,20,3,2,5,2,4,1,5,2007-02-22
47,20,1,1,3,4,2,2,4,2007-02-20
46,20,1,2,3,2,1,3,1,2007-02-17
45,20,3,4,4,3,1,2,3,2007-02-15
44,20,2,3,3,2,4,3,4,2007-02-13
43,20,5,2,5,1,4,4,5,2007-02-10
42,20,5,1,5,3,5,2,5,2007-02-08
41,20,3,1,2,4,2,1,5,2007-02-06
40,20,4,2,4,3,4,5,4,2007-02-03
39,20,1,1,2,4,4,3,3,2007-02-01
38,20,2,5,4,2,3,1,1,2007-01-30
37,20,5,3,4,2,4,2,2,2007-01-27
36,20,5,3,2,1,2,1,1,2007-01-25
35,20,1,1,4,1,1,4,4,2007-01-23
34,20,3,1,1,1,5,3,2,2007-01-20
33,20,3,1,2,4,1,3,4,2007-01-18
32,20,5,4,2,5,1,4,3,2007-01-16
31,20,5,2,5,1,4,2,5,2007-01-13
30,20,1,4,4,1,5,2,5,2007-01-11
29,20,4,2,5,1,1,2,2,2007-01-09
28,20,2,1,4,2,1,5,5,2007-01-06
27,20,1,3,4,3,2,2,5,2007-01-04
26,20,3,5,4,1,4,1,2,2007-01-02
25,20,3,5,1,3,3,3,3,2006-12-30
24,20,5,5,3,5,4,2,1,2006-12-28
23,20,1,1,2,5,5,3,2,2006-12-26
22,20,2,1,4,4,3,2,3,2006-12-23
21,20,4,1,4,5,2,1,4,2006-12-21
20,20,1,4,3,1,1,2,3,2006-12-19
19,20,4,3,2,2,4,1,4,2006-12-16
18,20,5,4,2,5,3,4,1,2006-12-14
17,20,2,1,4,3,1,1,2,2006-12-12
16,20,3,5,1,1,4,2,3,2006-12-09
15,20,1,2,4,1,4,2,3,2006-12-07
14,20,4,5,1,1,5,2,3,2006-12-05
13,20,1,2,4,1,1,2,2,2006-12-02
12,20,4,5,4,4,2,4,1,2006-11-30
11,20,2,4,1,2,1,3,5,2006-11-28
10,20,5,5,4,2,4,2,4,2006-11-25
9,20,2,5,5,2,4,4,2,2006-11-23
8,20,1,2,4,5,2,5,3,2006-11-21
7,20,1,2,5,5,3,4,5,2006-11-18
6,20,3,1,2,4,1,1,4,2006-11-16
5,20,4,5,4,2,2,5,5,2006-11-14
4,20,3,3,3,2,1,1,4,2006-11-11
3,20,1,1,5,4,5,5,1,2006-11-09
2,20,1,4,5,2,5,3,1,2006-11-07
1,20,3,5,4,5,2,2,4,2006-11-04
