sorteo_id,num_1,num_2,num_3,num_4,num_5,num_6,fecha
1637,1637,3,12,15,17,19,2026-05-26
1636,1636,4,18,20,22,30,2026-05-23
1635,1635,5,6,7,15,33,2026-05-19
1634,1634,5,14,15,23,25,2026-05-16
1633,1633,2,3,9,28,36,2026-05-12
1632,1632,1,2,13,23,30,2026-05-09
1631,1631,1,4,15,24,29,2026-05-05
1630,1630,3,25,33,34,35,2026-05-02
1629,1629,6,9,10,17,28,2026-04-28
1628,1628,6,9,10,15,29,2026-04-25
1627,1627,2,11,12,20,31,2026-04-21
1626,1626,8,12,18,20,26,2026-04-18
1625,1625,2,10,12,17,19,2026-04-14
1624,1624,14,17,19,25,32,2026-04-11
1623,1623,13,14,20,25,34,2026-04-07
1622,1622,4,11,17,22,26,2026-04-04
1621,1621,7,12,22,31,37,2026-03-31
1620,1620,13,14,24,29,31,2026-03-28
1619,1619,7,8,16,18,29,2026-03-24
1618,1618,9,21,24,26,31,2026-03-21
1617,1617,7,20,21,25,26,2026-03-17
1616,1616,9,11,19,22,26,2026-03-14
1615,1615,8,10,13,14,33,2026-03-10
1614,1614,4,7,12,21,24,2026-03-07
1613,1613,7,17,19,21,27,2026-03-03
1612,1612,6,11,20,22,25,2026-02-28
1611,1611,6,9,10,14,27,2026-02-24
1610,1610,4,16,19,24,33,2026-02-21
1609,1609,4,9,15,20,24,2026-02-17
1608,1608,4,7,23,30,38,2026-02-14
1607,1607,6,10,11,12,24,2026-02-10
1606,1606,5,7,15,25,29,2026-02-07
1605,1605,2,7,11,22,26,2026-02-03
1604,1604,10,15,24,27,28,2026-01-31
1603,1603,1,2,7,18,29,2026-01-27
1602,1602,12,13,17,20,31,2026-01-24
1601,1601,8,11,17,32,33,2026-01-20
1600,1600,1,5,7,12,36,2026-01-17
1599,1599,3,7,29,34,35,2026-01-13
1598,1598,8,15,17,18,21,2026-01-10
1597,1597,20,22,26,27,38,2026-01-06
1596,1596,16,21,22,29,35,2026-01-03
1595,1595,5,6,17,25,34,2025-12-30
1594,1594,14,15,18,20,31,2025-12-27
1593,1593,1,5,7,19,28,2025-12-23
1592,1592,5,10,23,24,27,2025-12-20
1591,1591,9,15,16,29,37,2025-12-16
1590,1590,7,10,24,27,28,2025-12-13
1589,1589,7,13,21,22,35,2025-12-09
1588,1588,8,14,26,29,32,2025-12-06
1587,1587,3,9,12,21,25,2025-12-02
1586,1586,2,7,9,10,12,2025-11-29
1585,1585,3,12,21,25,31,2025-11-25
1584,1584,6,16,20,23,29,2025-11-22
1583,1583,3,5,7,17,21,2025-11-18
1582,1582,17,21,22,27,28,2025-11-15
1581,1581,1,10,12,13,27,2025-11-11
1580,1580,8,14,19,24,32,2025-11-08
1579,1579,3,15,19,21,32,2025-11-04
1578,1578,2,12,16,32,33,2025-11-01
1577,1577,6,11,32,33,34,2025-10-28
1576,1576,4,10,19,24,28,2025-10-25
1575,1575,5,8,18,28,29,2025-10-21
1574,1574,2,4,11,21,26,2025-10-18
1573,1573,8,10,29,34,37,2025-10-14
1572,1572,4,7,11,13,19,2025-10-11
1571,1571,2,3,5,16,24,2025-10-07
1570,1570,6,9,13,14,19,2025-10-04
1569,1569,4,13,15,19,36,2025-09-30
1568,1568,3,14,16,17,25,2025-09-27
1567,1567,5,15,24,33,36,2025-09-23
1566,1566,4,24,27,30,31,2025-09-20
1565,1565,17,19,20,32,36,2025-09-16
1564,1564,10,11,14,22,27,2025-09-13
1563,1563,7,15,17,26,27,2025-09-09
1562,1562,3,12,15,21,22,2025-09-06
1561,1561,1,6,16,20,24,2025-09-02
1560,1560,5,6,8,11,13,2025-08-30
1559,1559,2,5,14,29,31,2025-08-26
1558,1558,1,3,5,11,16,2025-08-23
1557,1557,5,9,11,22,27,2025-08-19
1556,1556,1,7,10,17,20,2025-08-16
1555,1555,1,22,28,29,37,2025-08-12
1554,1554,6,12,18,23,27,2025-08-09
1553,1553,11,21,24,28,32,2025-08-05
1552,1552,7,10,16,33,34,2025-08-02
1551,1551,3,4,23,32,37,2025-07-29
1550,1550,3,4,9,16,20,2025-07-26
1549,1549,8,15,17,21,31,2025-07-22
1548,1548,1,4,12,16,21,2025-07-19
1547,1547,1,8,11,25,26,2025-07-15
1546,1546,5,12,14,28,35,2025-07-12
1545,1545,9,23,27,31,36,2025-07-08
1544,1544,3,23,25,27,29,2025-07-05
1543,1543,2,7,9,10,24,2025-07-01
1542,1542,12,14,15,26,31,2025-06-28
1541,1541,1,17,19,29,30,2025-06-24
1540,1540,6,11,20,30,34,2025-06-21
1539,1539,11,16,17,26,28,2025-06-17
1538,1538,7,11,13,16,26,2025-06-14
1537,1537,4,11,13,33,35,2025-06-10
1536,1536,4,12,13,15,29,2025-06-07
1535,1535,7,10,16,26,30,2025-06-03
1534,1534,3,4,5,22,25,2025-05-31
1533,1533,9,19,20,22,24,2025-05-27
1532,1532,1,11,12,19,37,2025-05-24
1531,1531,4,14,16,24,28,2025-05-20
1530,1530,3,13,14,17,27,2025-05-17
1529,1529,2,11,15,24,27,2025-05-13
1528,1528,13,14,20,21,27,2025-05-10
1527,1527,6,13,16,27,34,2025-05-06
1526,1526,9,10,30,33,36,2025-05-03
1525,1525,2,8,16,32,33,2025-04-29
1524,1524,4,24,27,28,30,2025-04-26
1523,1523,1,6,9,12,21,2025-04-22
1522,1522,3,8,13,20,23,2025-04-19
1521,1521,3,4,18,22,29,2025-04-15
1520,1520,14,22,28,29,31,2025-04-12
1519,1519,5,7,8,13,32,2025-04-08
1518,1518,3,9,12,19,20,2025-04-05
1517,1517,11,12,21,24,29,2025-04-01
1516,1516,18,20,23,25,27,2025-03-29
1515,1515,12,13,14,23,28,2025-03-25
1514,1514,1,3,24,25,29,2025-03-22
1513,1513,6,20,21,23,34,2025-03-18
1512,1512,5,8,10,19,25,2025-03-15
1511,1511,5,7,21,31,36,2025-03-11
1510,1510,7,13,22,30,32,2025-03-08
1509,1509,5,10,20,30,32,2025-03-04
1508,1508,2,8,20,30,33,2025-03-01
1507,1507,8,23,25,28,34,2025-02-25
1506,1506,9,12,18,25,26,2025-02-22
1505,1505,6,9,10,29,31,2025-02-18
1504,1504,15,19,23,24,25,2025-02-15
1503,1503,9,12,15,18,20,2025-02-11
1502,1502,1,7,17,22,30,2025-02-08
1501,1501,11,12,13,28,29,2025-02-04
1500,1500,6,10,24,27,32,2025-02-01
1499,1499,3,4,18,24,28,2025-01-28
1498,1498,12,13,23,24,26,2025-01-25
1497,1497,3,6,12,19,38,2025-01-21
1496,1496,3,15,23,28,32,2025-01-18
1495,1495,5,19,20,26,31,2025-01-14
1494,1494,8,10,12,13,17,2025-01-11
1493,1493,1,11,13,20,30,2025-01-07
1492,1492,2,7,17,21,24,2025-01-04
1491,1491,6,9,14,23,27,2024-12-31
1490,1490,13,15,24,30,36,2024-12-28
1489,1489,7,19,22,24,25,2024-12-24
1488,1488,3,8,10,18,22,2024-12-21
1487,1487,2,3,5,6,7,2024-12-17
1486,1486,5,16,17,29,36,2024-12-14
1485,1485,10,12,16,25,28,2024-12-10
1484,1484,5,8,12,21,24,2024-12-07
1483,1483,8,13,14,25,36,2024-12-03
1482,1482,3,7,21,25,27,2024-11-30
1481,1481,9,10,11,13,31,2024-11-26
1480,1480,1,3,12,13,22,2024-11-23
1479,1479,2,4,5,22,29,2024-11-19
1478,1478,8,11,15,16,22,2024-11-16
1477,1477,8,16,25,30,34,2024-11-12
1476,1476,4,14,20,21,23,2024-11-09
1475,1475,1,2,5,17,18,2024-11-05
1474,1474,1,19,20,24,32,2024-11-02
1473,1473,13,15,22,27,36,2024-10-29
1472,1472,7,8,10,14,15,2024-10-26
1471,1471,19,20,22,35,36,2024-10-22
1470,1470,6,12,15,19,27,2024-10-19
1469,1469,3,4,11,15,17,2024-10-15
1468,1468,16,20,22,27,33,2024-10-12
1467,1467,5,6,15,16,24,2024-10-08
1466,1466,10,13,24,29,35,2024-10-05
1465,1465,15,24,29,32,36,2024-10-01
1464,1464,10,13,15,22,23,2024-09-28
1463,1463,5,25,27,28,33,2024-09-24
1462,1462,2,7,16,21,32,2024-09-21
1461,1461,8,11,12,13,26,2024-09-17
1460,1460,1,8,13,14,15,2024-09-14
1459,1459,4,14,17,25,26,2024-09-10
1458,1458,13,19,20,27,33,2024-09-07
1457,1457,4,6,7,8,20,2024-09-03
1456,1456,7,16,17,24,32,2024-08-31
1455,1455,7,11,19,21,29,2024-08-27
1454,1454,17,22,30,31,33,2024-08-24
1453,1453,7,16,17,27,38,2024-08-20
1452,1452,4,12,13,14,22,2024-08-17
1451,1451,12,17,27,29,37,2024-08-13
1450,1450,3,6,10,17,26,2024-08-10
1449,1449,12,19,25,34,36,2024-08-06
1448,1448,3,11,14,27,28,2024-08-03
1447,1447,13,20,22,24,25,2024-07-30
1446,1446,1,2,4,15,16,2024-07-27
1445,1445,2,21,24,26,28,2024-07-23
1444,1444,2,8,11,16,30,2024-07-20
1443,1443,2,14,21,22,24,2024-07-16
1442,1442,1,15,18,20,26,2024-07-13
1441,1441,9,11,17,24,26,2024-07-09
1440,1440,17,20,25,28,29,2024-07-06
1439,1439,2,6,27,28,30,2024-07-02
1438,1438,5,7,10,20,30,2024-06-29
1437,1437,11,14,23,26,30,2024-06-25
1436,1436,15,24,30,32,34,2024-06-22
1435,1435,2,11,23,25,33,2024-06-18
1434,1434,5,10,14,21,32,2024-06-15
1433,1433,3,7,16,28,32,2024-06-11
1432,1432,2,18,19,20,21,2024-06-08
1431,1431,4,11,17,26,27,2024-06-04
1430,1430,3,5,9,11,14,2024-06-01
1429,1429,4,8,9,10,19,2024-05-28
1428,1428,15,18,27,28,31,2024-05-25
1427,1427,6,14,16,21,23,2024-05-21
1426,1426,5,7,8,23,32,2024-05-18
1425,1425,3,9,10,11,33,2024-05-14
1424,1424,1,11,13,16,31,2024-05-11
1423,1423,2,6,19,24,37,2024-05-07
1422,1422,4,17,26,29,34,2024-05-04
1421,1421,5,6,26,28,36,2024-04-30
1420,1420,4,6,9,11,23,2024-04-27
1419,1419,5,10,16,17,20,2024-04-23
1418,1418,10,15,24,25,29,2024-04-20
1417,1417,9,12,14,19,27,2024-04-16
1416,1416,4,9,11,14,20,2024-04-13
1415,1415,3,11,14,30,31,2024-04-09
1414,1414,6,8,11,13,14,2024-04-06
1413,1413,6,15,22,34,37,2024-04-02
1412,1412,1,5,6,13,14,2024-03-30
1411,1411,16,19,21,29,30,2024-03-26
1410,1410,6,7,10,14,24,2024-03-23
1409,1409,18,19,21,23,24,2024-03-19
1408,1408,1,2,6,20,28,2024-03-16
1407,1407,13,18,22,25,29,2024-03-12
1406,1406,2,4,20,30,31,2024-03-09
1405,1405,1,4,10,33,34,2024-03-05
1404,1404,6,7,22,30,34,2024-03-02
1403,1403,9,11,12,26,30,2024-02-27
1402,1402,4,10,23,26,29,2024-02-24
1401,1401,4,9,11,22,31,2024-02-20
1400,1400,1,4,12,17,21,2024-02-17
1399,1399,1,14,26,31,35,2024-02-13
1398,1398,6,9,26,31,34,2024-02-10
1397,1397,1,5,12,14,26,2024-02-06
1396,1396,4,8,20,29,30,2024-02-03
1395,1395,5,8,17,29,38,2024-01-30
1394,1394,6,8,26,28,31,2024-01-27
1393,1393,2,3,18,23,28,2024-01-23
1392,1392,2,6,20,26,30,2024-01-20
1391,1391,8,12,14,16,19,2024-01-16
1390,1390,7,10,18,19,24,2024-01-13
1389,1389,8,16,18,35,37,2024-01-09
1388,1388,4,10,14,21,28,2024-01-06
1387,1387,9,16,20,32,34,2024-01-02
1386,1386,1,13,23,24,26,2023-12-30
1385,1385,8,15,19,25,33,2023-12-26
1384,1384,5,11,16,17,22,2023-12-23
1383,1383,1,6,8,10,22,2023-12-19
1382,1382,6,14,15,19,31,2023-12-16
1381,1381,2,4,6,10,19,2023-12-12
1380,1380,2,17,25,28,29,2023-12-09
1379,1379,4,17,26,29,32,2023-12-05
1378,1378,7,13,20,22,29,2023-12-02
1377,1377,1,9,17,29,33,2023-11-28
1376,1376,3,4,9,18,19,2023-11-25
1375,1375,16,25,26,29,33,2023-11-21
1374,1374,1,4,5,17,28,2023-11-18
1373,1373,2,18,21,29,32,2023-11-14
1372,1372,8,13,14,28,29,2023-11-11
1371,1371,3,20,21,22,26,2023-11-07
1370,1370,4,7,9,23,29,2023-11-04
1369,1369,4,7,13,14,24,2023-10-31
1368,1368,2,11,17,21,31,2023-10-28
1367,1367,3,12,22,23,33,2023-10-24
1366,1366,1,4,7,17,29,2023-10-21
1365,1365,5,6,7,26,27,2023-10-17
1364,1364,6,8,13,19,21,2023-10-14
1363,1363,5,8,13,18,27,2023-10-10
1362,1362,2,7,13,16,31,2023-10-07
1361,1361,6,7,11,23,32,2023-10-03
1360,1360,11,14,17,20,27,2023-09-30
1359,1359,2,15,22,28,37,2023-09-26
1358,1358,5,7,11,21,25,2023-09-23
1357,1357,3,9,14,15,21,2023-09-19
1356,1356,1,5,9,22,35,2023-09-16
1355,1355,12,17,21,22,24,2023-09-12
1354,1354,4,9,12,30,32,2023-09-09
1353,1353,2,16,22,23,35,2023-09-05
1352,1352,3,15,17,21,23,2023-09-02
1351,1351,6,9,15,29,33,2023-08-29
1350,1350,7,13,16,34,38,2023-08-26
1349,1349,11,22,23,26,28,2023-08-22
1348,1348,3,4,5,11,33,2023-08-19
1347,1347,6,7,12,20,24,2023-08-15
1346,1346,5,8,17,23,31,2023-08-12
1345,1345,8,27,31,32,37,2023-08-08
1344,1344,2,3,7,30,31,2023-08-05
1343,1343,3,19,20,27,28,2023-08-01
1342,1342,4,8,9,10,15,2023-07-29
1341,1341,13,16,19,26,31,2023-07-25
1340,1340,2,5,13,17,23,2023-07-22
1339,1339,3,5,12,13,24,2023-07-18
1338,1338,14,17,18,24,32,2023-07-15
1337,1337,2,3,6,11,16,2023-07-11
1336,1336,4,5,14,27,30,2023-07-08
1335,1335,4,17,21,24,29,2023-07-04
1334,1334,2,14,15,20,26,2023-07-01
1333,1333,1,7,15,21,28,2023-06-27
1332,1332,2,4,7,11,17,2023-06-24
1331,1331,6,11,18,21,24,2023-06-20
1330,1330,2,10,13,22,28,2023-06-17
1329,1329,8,10,12,13,25,2023-06-13
1328,1328,2,8,13,28,29,2023-06-10
1327,1327,4,24,25,30,32,2023-06-06
1326,1326,8,10,15,24,27,2023-06-03
1325,1325,1,5,19,22,27,2023-05-30
1324,1324,1,8,17,24,27,2023-05-27
1323,1323,1,7,13,30,33,2023-05-23
1322,1322,6,22,30,31,33,2023-05-20
1321,1321,3,5,8,21,30,2023-05-16
1320,1320,3,19,23,24,36,2023-05-13
1319,1319,7,17,26,27,28,2023-05-09
1318,1318,6,12,15,27,28,2023-05-06
1317,1317,7,12,20,30,32,2023-05-02
1316,1316,1,8,14,19,31,2023-04-29
1315,1315,4,8,11,25,31,2023-04-25
1314,1314,7,8,15,17,20,2023-04-22
1313,1313,1,7,14,26,31,2023-04-18
1312,1312,12,17,22,23,25,2023-04-15
1311,1311,10,21,28,33,36,2023-04-11
1310,1310,9,23,25,29,31,2023-04-08
1309,1309,12,22,26,35,36,2023-04-04
1308,1308,15,18,20,25,34,2023-04-01
1307,1307,12,21,23,26,35,2023-03-28
1306,1306,3,6,14,26,30,2023-03-25
1305,1305,3,4,10,11,13,2023-03-21
1304,1304,2,8,12,16,17,2023-03-18
1303,1303,1,6,17,28,32,2023-03-14
1302,1302,1,9,13,25,31,2023-03-11
1301,1301,6,15,16,26,32,2023-03-07
1300,1300,8,17,27,32,34,2023-03-04
1299,1299,7,15,19,26,29,2023-02-28
1298,1298,6,12,21,23,26,2023-02-25
1297,1297,6,7,21,23,29,2023-02-21
1296,1296,20,23,24,30,33,2023-02-18
1295,1295,3,8,19,25,34,2023-02-14
1294,1294,12,15,25,30,32,2023-02-11
1293,1293,10,12,15,22,27,2023-02-07
1292,1292,2,7,22,25,27,2023-02-04
1291,1291,9,14,18,19,25,2023-01-31
1290,1290,2,3,8,21,23,2023-01-28
1289,1289,2,11,21,24,29,2023-01-24
1288,1288,3,12,20,22,29,2023-01-21
1287,1287,7,21,23,24,26,2023-01-17
1286,1286,8,13,18,28,34,2023-01-14
1285,1285,14,19,30,31,35,2023-01-10
1284,1284,8,13,23,26,36,2023-01-07
1283,1283,1,4,5,8,21,2023-01-03
1282,1282,3,8,15,20,31,2022-12-31
1281,1281,1,3,10,19,27,2022-12-27
1280,1280,3,4,7,17,21,2022-12-24
1279,1279,4,8,14,17,33,2022-12-20
1278,1278,3,5,16,19,26,2022-12-17
1277,1277,6,10,11,25,33,2022-12-13
1276,1276,1,2,4,19,32,2022-12-10
1275,1275,10,12,14,17,26,2022-12-06
1274,1274,7,14,16,25,30,2022-12-03
1273,1273,1,4,8,16,26,2022-11-29
1272,1272,3,6,19,26,34,2022-11-26
1271,1271,17,18,24,28,30,2022-11-22
1270,1270,4,7,19,26,31,2022-11-19
1269,1269,3,11,24,32,34,2022-11-15
1268,1268,4,8,24,25,26,2022-11-12
1267,1267,2,7,8,14,15,2022-11-08
1266,1266,2,14,22,24,26,2022-11-05
1265,1265,3,15,17,23,31,2022-11-01
1264,1264,2,8,17,29,36,2022-10-29
1263,1263,3,22,25,30,36,2022-10-25
1262,1262,1,7,9,21,33,2022-10-22
1261,1261,7,8,23,28,31,2022-10-18
1260,1260,6,12,13,26,36,2022-10-15
1259,1259,2,15,21,25,32,2022-10-11
1258,1258,4,5,10,18,20,2022-10-08
1257,1257,3,17,19,20,21,2022-10-04
1256,1256,7,19,21,29,33,2022-10-01
1255,1255,1,8,10,29,31,2022-09-27
1254,1254,8,15,23,33,37,2022-09-24
1253,1253,4,8,9,19,24,2022-09-20
1252,1252,3,6,7,8,31,2022-09-17
1251,1251,6,10,15,21,23,2022-09-13
1250,1250,2,3,13,14,17,2022-09-10
1249,1249,6,8,20,30,31,2022-09-06
1248,1248,8,11,16,21,27,2022-09-03
1247,1247,3,14,17,18,24,2022-08-30
1246,1246,4,6,11,25,26,2022-08-27
1245,1245,2,3,14,17,30,2022-08-23
1244,1244,9,15,20,27,28,2022-08-20
1243,1243,3,4,6,12,22,2022-08-16
1242,1242,2,14,18,20,29,2022-08-13
1241,1241,6,8,12,34,38,2022-08-09
1240,1240,10,17,21,23,28,2022-08-06
1239,1239,5,7,23,26,27,2022-08-02
1238,1238,8,9,13,21,24,2022-07-30
1237,1237,5,7,13,19,37,2022-07-26
1236,1236,1,11,15,32,36,2022-07-23
1235,1235,4,7,12,23,26,2022-07-19
1234,1234,1,7,10,23,33,2022-07-16
1233,1233,5,13,23,26,27,2022-07-12
1232,1232,5,6,14,21,23,2022-07-09
1231,1231,8,10,28,30,35,2022-07-05
1230,1230,13,18,20,23,29,2022-07-02
1229,1229,1,4,15,20,33,2022-06-28
1228,1228,5,9,16,17,32,2022-06-25
1227,1227,6,7,9,12,31,2022-06-21
1226,1226,23,26,34,35,37,2022-06-18
1225,1225,3,11,14,26,29,2022-06-14
1224,1224,3,6,9,14,21,2022-06-11
1223,1223,9,22,23,26,27,2022-06-07
1222,1222,4,8,17,19,22,2022-06-04
1221,1221,16,18,25,28,29,2022-05-31
1220,1220,7,10,17,18,29,2022-05-28
1219,1219,4,12,17,18,25,2022-05-24
1218,1218,3,10,17,25,31,2022-05-21
1217,1217,2,11,13,20,23,2022-05-17
1216,1216,18,26,27,28,29,2022-05-14
1215,1215,17,18,19,30,31,2022-05-10
1214,1214,6,8,9,13,27,2022-05-07
1213,1213,9,21,23,25,33,2022-05-03
1212,1212,5,9,15,20,30,2022-04-30
1211,1211,8,11,13,17,30,2022-04-26
1210,1210,4,14,21,23,27,2022-04-23
1209,1209,6,8,22,26,34,2022-04-19
1208,1208,4,6,21,24,28,2022-04-16
1207,1207,5,6,19,20,35,2022-04-12
1206,1206,8,14,18,27,30,2022-04-09
1205,1205,10,11,18,22,23,2022-04-05
1204,1204,2,5,15,24,32,2022-04-02
1203,1203,6,11,26,27,33,2022-03-29
1202,1202,1,5,8,10,12,2022-03-26
1201,1201,4,9,10,23,25,2022-03-22
1200,1200,1,4,7,15,22,2022-03-19
1199,1199,6,10,24,28,33,2022-03-15
1198,1198,10,15,17,26,35,2022-03-12
1197,1197,1,12,13,20,33,2022-03-08
1196,1196,2,3,7,10,18,2022-03-05
1195,1195,13,15,18,21,25,2022-03-01
1194,1194,2,10,14,16,21,2022-02-26
1193,1193,3,4,7,22,24,2022-02-22
1192,1192,2,12,16,17,18,2022-02-19
1191,1191,6,12,18,22,27,2022-02-15
1190,1190,9,10,11,28,31,2022-02-12
1189,1189,6,18,26,27,29,2022-02-08
1188,1188,2,3,10,12,15,2022-02-05
1187,1187,9,16,26,28,33,2022-02-01
1186,1186,2,3,12,19,22,2022-01-29
1185,1185,1,4,8,24,31,2022-01-25
1184,1184,2,3,6,12,16,2022-01-22
1183,1183,1,4,16,19,27,2022-01-18
1182,1182,2,14,22,24,32,2022-01-15
1181,1181,1,5,19,26,31,2022-01-11
1180,1180,3,10,13,19,29,2022-01-08
1179,1179,2,3,11,30,32,2022-01-04
1178,1178,3,11,12,14,28,2022-01-01
1177,1177,11,16,23,24,26,2021-12-28
1176,1176,5,6,22,34,35,2021-12-25
1175,1175,12,14,15,30,33,2021-12-21
1174,1174,2,5,17,18,19,2021-12-18
1173,1173,2,5,8,21,26,2021-12-14
1172,1172,4,7,13,18,25,2021-12-11
1171,1171,6,9,13,24,26,2021-12-07
1170,1170,8,11,13,16,25,2021-12-04
1169,1169,6,17,23,32,37,2021-11-30
1168,1168,13,18,25,29,32,2021-11-27
1167,1167,1,5,7,10,28,2021-11-23
1166,1166,3,13,15,17,18,2021-11-20
1165,1165,6,9,18,21,29,2021-11-16
1164,1164,1,7,15,30,31,2021-11-13
1163,1163,9,18,22,23,36,2021-11-09
1162,1162,2,12,17,28,34,2021-11-06
1161,1161,2,9,23,32,33,2021-11-02
1160,1160,4,15,17,19,22,2021-10-30
1159,1159,13,21,23,29,30,2021-10-26
1158,1158,1,3,25,27,37,2021-10-23
1157,1157,15,23,26,31,35,2021-10-19
1156,1156,3,5,14,20,22,2021-10-16
1155,1155,13,17,21,22,28,2021-10-12
1154,1154,12,13,16,26,30,2021-10-09
1153,1153,1,5,13,21,30,2021-10-05
1152,1152,6,10,12,13,20,2021-10-02
1151,1151,3,4,12,19,23,2021-09-28
1150,1150,7,14,21,24,34,2021-09-25
1149,1149,13,17,25,28,38,2021-09-21
1148,1148,1,8,21,22,34,2021-09-18
1147,1147,11,18,25,27,31,2021-09-14
1146,1146,1,4,7,10,28,2021-09-11
1145,1145,10,11,26,35,38,2021-09-07
1144,1144,2,4,14,26,30,2021-09-04
1143,1143,2,7,21,31,37,2021-08-31
1142,1142,1,6,10,24,28,2021-08-28
1141,1141,1,3,9,21,24,2021-08-24
1140,1140,1,3,14,18,31,2021-08-21
1139,1139,10,28,29,30,31,2021-08-17
1138,1138,4,11,14,21,27,2021-08-14
1137,1137,1,3,21,23,35,2021-08-10
1136,1136,14,17,25,32,37,2021-08-07
1135,1135,1,3,9,22,24,2021-08-03
1134,1134,5,6,8,26,29,2021-07-31
1133,1133,2,4,15,22,31,2021-07-27
1132,1132,3,27,31,32,34,2021-07-24
1131,1131,2,3,4,6,16,2021-07-20
1130,1130,2,18,26,28,32,2021-07-17
1129,1129,2,9,20,21,27,2021-07-13
1128,1128,4,12,20,35,36,2021-07-10
1127,1127,4,7,17,23,29,2021-07-06
1126,1126,1,3,24,29,33,2021-07-03
1125,1125,8,14,17,29,31,2021-06-29
1124,1124,2,7,20,24,32,2021-06-26
1123,1123,12,17,31,36,37,2021-06-22
1122,1122,9,17,20,30,31,2021-06-19
1121,1121,3,20,25,28,34,2021-06-15
1120,1120,3,11,15,24,29,2021-06-12
1119,1119,3,10,14,19,29,2021-06-08
1118,1118,10,12,13,14,30,2021-06-05
1117,1117,6,14,15,19,25,2021-06-01
1116,1116,1,11,18,23,31,2021-05-29
1115,1115,7,10,17,20,29,2021-05-25
1114,1114,3,10,17,25,29,2021-05-22
1113,1113,9,20,28,34,38,2021-05-18
1112,1112,11,18,26,35,36,2021-05-15
1111,1111,12,18,21,33,35,2021-05-11
1110,1110,6,11,25,27,31,2021-05-08
1109,1109,6,15,26,32,35,2021-05-04
1108,1108,23,28,29,30,32,2021-05-01
1107,1107,5,7,8,12,27,2021-04-27
1106,1106,14,17,25,29,36,2021-04-24
1105,1105,1,8,10,17,22,2021-04-20
1104,1104,11,27,29,34,35,2021-04-17
1103,1103,13,22,25,28,35,2021-04-13
1102,1102,6,7,10,12,17,2021-04-10
1101,1101,3,6,9,28,29,2021-04-06
1100,1100,3,25,28,30,33,2021-04-03
1099,1099,5,7,9,13,19,2021-03-30
1098,1098,8,11,18,23,24,2021-03-27
1097,1097,1,9,10,13,24,2021-03-23
1096,1096,3,6,7,22,30,2021-03-20
1095,1095,6,8,9,12,33,2021-03-16
1094,1094,9,10,22,25,31,2021-03-13
1093,1093,7,8,12,31,32,2021-03-09
1092,1092,5,12,16,27,34,2021-03-06
1091,1091,4,8,15,23,27,2021-03-02
1090,1090,18,20,32,33,34,2021-02-27
1089,1089,8,11,15,27,29,2021-02-23
1088,1088,5,7,16,25,27,2021-02-20
1087,1087,11,12,23,25,29,2021-02-16
1086,1086,15,20,21,28,37,2021-02-13
1085,1085,9,17,21,25,31,2021-02-09
1084,1084,2,8,16,19,37,2021-02-06
1083,1083,3,4,15,16,28,2021-02-02
1082,1082,6,10,12,20,27,2021-01-30
1081,1081,8,24,29,31,32,2021-01-26
1080,1080,16,18,24,34,35,2021-01-23
1079,1079,3,10,27,32,35,2021-01-19
1078,1078,6,15,22,23,30,2021-01-16
1077,1077,11,17,19,20,27,2021-01-12
1076,1076,10,20,27,31,34,2021-01-09
1075,1075,7,13,21,23,24,2021-01-05
1074,1074,3,10,20,26,32,2021-01-02
1073,1073,10,11,27,29,31,2020-12-29
1072,1072,1,4,16,17,19,2020-12-26
1071,1071,4,16,20,28,33,2020-12-22
1070,1070,7,9,23,30,33,2020-12-19
1069,1069,13,14,21,28,36,2020-12-15
1068,1068,6,11,23,31,32,2020-12-12
1067,1067,15,19,27,34,38,2020-12-08
1066,1066,1,3,12,23,29,2020-12-05
1065,1065,5,6,17,20,30,2020-12-01
1064,1064,3,8,10,11,25,2020-11-28
1063,1063,1,3,4,20,22,2020-11-24
1062,1062,3,4,6,8,30,2020-11-21
1061,1061,3,13,17,31,33,2020-11-17
1060,1060,4,10,17,30,31,2020-11-14
1059,1059,4,8,16,19,25,2020-11-10
1058,1058,6,7,17,19,21,2020-11-07
1057,1057,2,10,15,21,28,2020-11-03
1056,1056,7,8,11,27,34,2020-10-31
1055,1055,2,6,24,33,35,2020-10-27
1054,1054,6,9,22,25,32,2020-10-24
1053,1053,2,5,9,13,19,2020-10-20
1052,1052,3,4,21,22,24,2020-10-17
1051,1051,12,19,23,27,34,2020-10-13
1050,1050,4,7,8,15,20,2020-10-10
1049,1049,4,9,18,29,30,2020-10-06
1048,1048,1,13,19,35,36,2020-10-03
1047,1047,1,13,15,17,25,2020-09-29
1046,1046,2,6,7,12,18,2020-09-26
1045,1045,4,8,12,13,14,2020-09-22
1044,1044,18,19,28,29,32,2020-09-19
1043,1043,4,11,13,17,28,2020-09-15
1042,1042,3,17,20,25,35,2020-09-12
1041,1041,10,12,23,27,33,2020-09-08
1040,1040,16,21,26,28,31,2020-09-05
1039,1039,8,12,15,20,23,2020-09-01
1038,1038,1,10,18,19,27,2020-08-29
1037,1037,2,6,11,27,32,2020-08-25
1036,1036,3,4,31,32,34,2020-08-22
1035,1035,4,8,16,22,27,2020-08-18
1034,1034,6,10,11,17,20,2020-08-15
1033,1033,3,13,18,20,26,2020-08-11
1032,1032,11,20,22,25,31,2020-08-08
1031,1031,2,7,8,11,27,2020-08-04
1030,1030,12,13,20,25,26,2020-08-01
1029,1029,1,2,3,5,13,2020-07-28
1028,1028,10,19,20,21,24,2020-07-25
1027,1027,1,4,9,21,24,2020-03-31
1026,1026,5,14,22,25,35,2020-03-28
1025,1025,12,13,20,25,26,2020-03-24
1024,1024,3,18,19,22,26,2020-03-21
1023,1023,4,7,11,23,25,2020-03-17
1022,1022,9,18,32,37,38,2020-03-14
1021,1021,9,21,30,32,34,2020-03-10
1020,1020,4,7,23,31,33,2020-03-07
1019,1019,11,14,17,18,24,2020-03-03
1018,1018,7,16,18,22,25,2020-02-29
1017,1017,1,6,9,13,15,2020-02-25
1016,1016,4,5,16,29,31,2020-02-22
1015,1015,7,13,21,25,30,2020-02-18
1014,1014,3,15,20,22,26,2020-02-15
1013,1013,1,9,14,27,30,2020-02-11
1012,1012,2,5,7,10,21,2020-02-08
1011,1011,10,12,16,23,26,2020-02-04
1010,1010,19,23,26,31,35,2020-02-01
1009,1009,1,5,12,24,29,2020-01-28
1008,1008,24,30,34,37,38,2020-01-25
1007,1007,4,16,26,28,31,2020-01-21
1006,1006,3,10,18,21,26,2020-01-18
1005,1005,4,14,15,21,28,2020-01-14
1004,1004,4,11,24,25,26,2020-01-11
1003,1003,2,4,10,28,33,2020-01-07
1002,1002,13,14,21,30,31,2020-01-04
1001,1001,10,14,16,29,33,2019-12-31
1000,1000,2,4,5,14,34,2019-12-28
999,999,15,26,34,37,38,2019-12-24
998,998,6,10,11,26,27,2019-12-21
997,997,1,8,13,14,20,2019-12-17
996,996,5,12,14,32,34,2019-12-14
995,995,8,10,11,15,25,2019-12-10
994,994,3,7,14,19,22,2019-12-07
993,993,1,4,11,12,27,2019-12-03
992,992,1,2,3,6,18,2019-11-30
991,991,6,19,22,27,37,2019-11-26
990,990,2,8,13,27,36,2019-11-23
989,989,7,8,11,26,36,2019-11-19
988,988,1,4,7,23,25,2019-11-16
987,987,2,4,11,14,22,2019-11-12
986,986,1,17,25,30,32,2019-11-09
985,985,7,9,13,17,24,2019-11-05
984,984,4,5,10,15,26,2019-11-02
983,983,1,11,13,28,33,2019-10-29
982,982,2,4,8,10,14,2019-10-26
981,981,6,9,21,25,31,2019-10-22
980,980,1,9,12,15,33,2019-10-19
979,979,4,15,17,18,23,2019-10-15
978,978,18,19,28,29,31,2019-10-12
977,977,8,10,13,15,32,2019-10-08
976,976,5,7,10,11,27,2019-10-05
975,975,3,10,14,23,26,2019-10-01
974,974,12,14,18,22,23,2019-09-28
973,973,1,10,12,18,20,2019-09-24
972,972,3,10,13,18,26,2019-09-21
971,971,3,12,13,17,25,2019-09-17
970,970,5,17,20,28,30,2019-09-14
969,969,17,22,26,27,36,2019-09-10
968,968,6,21,22,30,32,2019-09-07
967,967,1,15,33,35,38,2019-09-03
966,966,2,8,15,30,32,2019-08-31
965,965,1,9,11,14,20,2019-08-27
964,964,5,6,12,16,36,2019-08-24
963,963,16,17,19,25,26,2019-08-20
962,962,5,6,27,29,34,2019-08-17
961,961,7,8,15,25,31,2019-08-13
960,960,9,14,17,30,36,2019-08-10
959,959,4,6,7,15,16,2019-08-06
958,958,8,10,17,18,36,2019-08-03
957,957,23,24,25,26,28,2019-07-30
956,956,13,15,26,32,38,2019-07-27
955,955,2,7,14,15,30,2019-07-23
954,954,3,11,21,23,24,2019-07-20
953,953,20,26,29,31,37,2019-07-16
952,952,1,4,10,26,27,2019-07-13
951,951,1,3,4,12,17,2019-07-09
950,950,7,12,17,21,24,2019-07-06
949,949,17,20,22,24,29,2019-07-02
948,948,1,8,12,17,18,2019-06-29
947,947,4,6,9,16,27,2019-06-25
946,946,6,8,18,21,23,2019-06-22
945,945,1,8,23,24,29,2019-06-18
944,944,2,25,27,31,33,2019-06-15
943,943,4,6,11,23,28,2019-06-11
942,942,2,3,6,9,21,2019-06-08
941,941,1,7,12,25,29,2019-06-04
940,940,2,7,14,19,24,2019-06-01
939,939,5,13,21,22,23,2019-05-28
938,938,3,6,17,24,25,2019-05-25
937,937,8,10,14,22,29,2019-05-21
936,936,2,4,11,22,26,2019-05-18
935,935,8,22,23,24,35,2019-05-14
934,934,8,9,11,16,21,2019-05-11
933,933,2,6,11,26,37,2019-05-07
932,932,12,13,26,29,35,2019-05-04
931,931,9,13,16,19,30,2019-04-30
930,930,2,7,17,22,32,2019-04-27
929,929,10,12,18,28,32,2019-04-23
928,928,9,12,26,28,31,2019-04-20
927,927,4,10,13,14,16,2019-04-16
926,926,4,10,30,37,38,2019-04-13
925,925,2,3,28,33,38,2019-04-09
924,924,4,5,8,15,34,2019-04-06
923,923,1,9,19,23,25,2019-04-02
922,922,11,13,23,30,31,2019-03-30
921,921,1,2,4,6,20,2019-03-26
920,920,2,7,8,9,24,2019-03-23
919,919,9,13,19,27,33,2019-03-19
918,918,2,5,8,25,35,2019-03-16
917,917,4,6,13,14,21,2019-03-12
916,916,1,6,10,18,32,2019-03-09
915,915,9,16,17,20,24,2019-03-05
914,914,7,8,11,14,26,2019-03-02
913,913,5,6,7,9,25,2019-02-26
912,912,7,8,15,16,24,2019-02-23
911,911,6,9,10,11,13,2019-02-19
910,910,10,20,21,25,35,2019-02-16
909,909,5,6,11,20,28,2019-02-12
908,908,2,12,13,20,23,2019-02-09
907,907,8,9,17,20,25,2019-02-05
906,906,7,8,10,19,20,2019-02-02
905,905,2,19,23,28,29,2019-01-29
904,904,2,5,12,14,25,2019-01-26
903,903,9,10,12,21,27,2019-01-22
902,902,4,5,6,14,21,2019-01-19
901,901,9,11,13,14,23,2019-01-15
900,900,17,18,25,27,34,2019-01-12
899,899,8,18,24,26,27,2019-01-08
898,898,16,20,24,26,27,2019-01-05
897,897,4,5,6,8,14,2019-01-01
896,896,10,16,28,29,32,2018-12-29
895,895,6,8,22,24,30,2018-12-25
894,894,2,4,5,8,15,2018-12-22
893,893,1,22,25,27,29,2018-12-18
892,892,4,15,21,23,25,2018-12-15
891,891,2,8,21,22,30,2018-12-11
890,890,2,9,10,19,26,2018-12-08
889,889,6,9,12,25,33,2018-12-04
888,888,7,19,21,28,38,2018-12-01
887,887,8,15,19,32,35,2018-11-27
886,886,10,12,23,28,35,2018-11-24
885,885,1,8,14,15,18,2018-11-20
884,884,1,3,15,22,24,2018-11-17
883,883,3,13,15,24,30,2018-11-13
882,882,1,9,11,22,26,2018-11-10
881,881,15,16,21,22,27,2018-11-06
880,880,5,19,25,34,35,2018-11-03
879,879,15,21,29,34,38,2018-10-30
878,878,11,14,16,29,36,2018-10-27
877,877,13,14,28,31,33,2018-10-23
876,876,18,24,25,28,31,2018-10-20
875,875,8,16,20,21,26,2018-10-16
874,874,15,20,24,29,31,2018-10-13
873,873,9,13,19,26,32,2018-10-09
872,872,1,8,13,14,19,2018-10-06
871,871,3,7,10,17,18,2018-10-02
870,870,10,14,24,26,29,2018-09-29
869,869,7,13,16,26,29,2018-09-25
868,868,6,9,14,15,16,2018-09-22
867,867,1,6,9,11,21,2018-09-18
866,866,3,13,19,29,30,2018-09-15
865,865,6,10,11,35,37,2018-09-11
864,864,3,4,7,25,31,2018-09-08
863,863,4,14,24,32,34,2018-09-04
862,862,2,13,25,27,29,2018-09-01
861,861,2,4,6,21,27,2018-08-28
860,860,1,7,12,25,31,2018-08-25
859,859,9,14,24,26,31,2018-08-21
858,858,7,9,22,26,27,2018-08-18
857,857,11,14,18,23,24,2018-08-14
856,856,6,21,23,26,29,2018-08-11
855,855,2,10,18,19,30,2018-08-07
854,854,8,12,15,22,25,2018-08-04
853,853,3,15,16,18,25,2018-07-31
852,852,6,9,10,17,23,2018-07-28
851,851,2,5,16,23,35,2018-07-24
850,850,6,7,9,13,14,2018-07-21
849,849,1,4,7,11,25,2018-07-17
848,848,2,11,14,15,19,2018-07-14
847,847,2,18,26,31,33,2018-07-10
846,846,2,26,28,31,33,2018-07-07
845,845,2,3,4,11,15,2018-07-03
844,844,1,9,11,14,32,2018-06-30
843,843,15,17,23,25,35,2018-06-26
842,842,2,3,12,14,28,2018-06-23
841,841,1,8,18,22,26,2018-06-19
840,840,8,21,24,30,32,2018-06-16
839,839,6,11,18,20,31,2018-06-12
838,838,5,6,12,13,15,2018-06-09
837,837,4,16,19,29,32,2018-06-05
836,836,3,8,13,19,28,2018-06-02
835,835,3,12,15,23,32,2018-05-29
834,834,7,12,13,16,30,2018-05-26
833,833,3,9,25,30,36,2018-05-22
832,832,4,12,13,23,24,2018-05-19
831,831,6,7,11,27,32,2018-05-15
830,830,16,18,26,27,29,2018-05-12
829,829,2,11,18,19,27,2018-05-08
828,828,1,5,6,24,28,2018-05-05
827,827,1,14,18,21,29,2018-05-01
826,826,3,7,12,16,17,2018-04-28
825,825,3,9,12,15,21,2018-04-24
824,824,3,16,18,31,36,2018-04-21
823,823,9,16,22,25,30,2018-04-17
822,822,2,4,9,19,22,2018-04-14
821,821,2,8,28,32,36,2018-04-10
820,820,2,3,8,16,20,2018-04-07
819,819,6,11,19,26,30,2018-04-03
818,818,3,5,23,28,33,2018-03-31
817,817,2,6,11,18,27,2018-03-27
816,816,14,22,25,26,29,2018-03-24
815,815,1,12,14,26,28,2018-03-20
814,814,3,13,16,24,29,2018-03-17
813,813,1,3,11,16,20,2018-03-13
812,812,3,22,25,28,30,2018-03-10
811,811,5,7,13,26,30,2018-03-06
810,810,10,17,28,34,36,2018-03-03
809,809,3,13,17,27,36,2018-02-27
808,808,8,12,13,15,24,2018-02-24
807,807,12,26,29,33,37,2018-02-20
806,806,4,9,24,25,34,2018-02-17
805,805,8,9,14,19,27,2018-02-13
804,804,5,19,23,28,29,2018-02-10
803,803,2,5,21,27,28,2018-02-06
802,802,2,4,8,33,34,2018-02-03
801,801,10,12,15,19,20,2018-01-30
800,800,7,8,12,23,26,2018-01-27
799,799,12,18,23,24,28,2018-01-23
798,798,9,14,15,26,34,2018-01-20
797,797,8,15,23,25,30,2018-01-16
796,796,11,13,16,27,36,2018-01-13
795,795,2,10,13,35,36,2018-01-09
794,794,5,14,20,26,30,2018-01-06
793,793,2,6,8,14,19,2018-01-02
792,792,5,7,8,9,27,2017-12-30
791,791,3,8,20,25,31,2017-12-26
790,790,3,4,5,10,17,2017-12-23
789,789,2,6,7,11,26,2017-12-19
788,788,2,6,15,24,31,2017-12-16
787,787,5,12,18,33,34,2017-12-12
786,786,9,10,14,20,23,2017-12-09
785,785,1,4,5,12,17,2017-12-05
784,784,12,15,23,33,37,2017-12-02
783,783,4,10,22,27,30,2017-11-28
782,782,5,6,20,22,24,2017-11-25
781,781,1,7,10,14,22,2017-11-21
780,780,3,15,20,24,31,2017-11-18
779,779,10,18,19,21,32,2017-11-14
778,778,10,16,18,19,23,2017-11-11
777,777,7,13,23,24,32,2017-11-07
776,776,7,16,21,29,38,2017-11-04
775,775,4,11,17,23,30,2017-10-31
774,774,2,3,13,15,33,2017-10-28
773,773,10,11,15,16,34,2017-10-24
772,772,4,19,23,26,30,2017-10-21
771,771,5,12,18,23,26,2017-10-17
770,770,7,12,20,25,26,2017-10-14
769,769,1,4,9,14,16,2017-10-10
768,768,16,22,26,32,33,2017-10-07
767,767,6,9,13,20,35,2017-10-03
766,766,6,21,22,26,27,2017-09-30
765,765,9,13,26,28,33,2017-09-26
764,764,15,20,21,24,32,2017-09-23
763,763,12,21,25,27,29,2017-09-19
762,762,4,7,13,23,25,2017-09-16
761,761,2,13,19,25,37,2017-09-12
760,760,1,4,7,15,23,2017-09-09
759,759,1,8,9,11,30,2017-09-05
758,758,6,8,10,25,36,2017-09-02
757,757,3,10,15,18,36,2017-08-29
756,756,1,13,22,31,32,2017-08-26
755,755,5,9,12,19,28,2017-08-22
754,754,4,6,10,11,16,2017-08-19
753,753,2,5,7,16,18,2017-08-15
752,752,5,22,26,29,33,2017-08-12
751,751,15,23,26,27,33,2017-08-08
750,750,14,16,24,32,36,2017-08-05
749,749,6,9,11,27,28,2017-08-01
748,748,2,3,7,8,11,2017-07-29
747,747,4,8,11,22,36,2017-07-25
746,746,9,11,19,27,33,2017-07-22
745,745,14,15,21,25,36,2017-07-18
744,744,2,4,7,10,11,2017-07-15
743,743,12,20,23,27,31,2017-07-11
742,742,2,6,7,13,16,2017-07-08
741,741,2,8,22,30,34,2017-07-04
740,740,3,13,15,27,33,2017-07-01
739,739,17,20,22,29,31,2017-06-27
738,738,2,7,14,16,23,2017-06-24
737,737,8,16,20,28,30,2017-06-20
736,736,2,4,11,14,25,2017-06-17
735,735,5,16,21,30,32,2017-06-13
734,734,2,3,13,26,30,2017-06-10
733,733,2,5,6,13,28,2017-06-06
732,732,4,10,13,23,36,2017-06-03
731,731,1,6,28,29,36,2017-05-30
730,730,1,17,25,27,28,2017-05-27
729,729,9,14,17,18,30,2017-05-23
728,728,8,9,16,29,36,2017-05-20
727,727,1,4,12,21,31,2017-05-16
726,726,11,16,24,33,37,2017-05-13
725,725,2,11,17,20,28,2017-05-09
724,724,11,16,24,32,34,2017-05-06
723,723,2,11,20,25,26,2017-05-02
722,722,9,13,16,20,22,2017-04-29
721,721,8,17,22,27,31,2017-04-25
720,720,2,5,16,18,21,2017-04-22
719,719,7,15,28,29,34,2017-04-18
718,718,2,4,9,12,19,2017-04-15
717,717,22,25,26,29,33,2017-04-11
716,716,1,15,25,30,34,2017-04-08
715,715,2,11,15,18,19,2017-04-04
714,714,15,17,23,24,26,2017-04-01
713,713,2,6,11,24,32,2017-03-28
712,712,1,6,9,25,32,2017-03-25
711,711,6,13,14,18,24,2017-03-21
710,710,8,17,23,27,33,2017-03-18
709,709,14,21,22,23,25,2017-03-14
708,708,5,17,20,21,28,2017-03-11
707,707,9,18,21,23,24,2017-03-07
706,706,4,26,32,34,38,2017-03-04
705,705,2,7,8,16,32,2017-02-28
704,704,6,13,20,27,28,2017-02-25
703,703,1,8,9,13,36,2017-02-21
702,702,2,8,12,22,23,2017-02-18
701,701,11,24,26,27,35,2017-02-14
700,700,2,5,8,18,25,2017-02-11
699,699,5,6,20,26,28,2017-02-07
698,698,5,9,20,33,34,2017-02-04
697,697,3,4,11,36,38,2017-01-31
696,696,4,5,22,23,24,2017-01-28
695,695,6,13,15,28,31,2017-01-24
694,694,8,11,15,20,36,2017-01-21
693,693,16,18,22,25,32,2017-01-17
692,692,3,15,26,27,35,2017-01-14
691,691,1,2,6,13,29,2017-01-10
690,690,16,17,18,23,30,2017-01-07
689,689,11,18,22,28,30,2017-01-03
688,688,1,3,10,11,29,2016-12-31
687,687,21,22,26,30,35,2016-12-27
686,686,2,10,24,30,38,2016-12-24
685,685,7,22,24,25,28,2016-12-20
684,684,2,6,15,20,22,2016-12-17
683,683,8,12,19,30,31,2016-12-13
682,682,7,13,17,23,28,2016-12-10
681,681,8,15,23,24,25,2016-12-06
680,680,1,7,14,17,33,2016-12-03
679,679,4,6,9,16,35,2016-11-29
678,678,1,12,13,26,38,2016-11-26
677,677,1,4,6,12,16,2016-11-22
676,676,1,7,10,11,18,2016-11-19
675,675,1,13,15,26,32,2016-11-15
674,674,7,23,31,35,37,2016-11-12
673,673,18,24,28,29,34,2016-11-08
672,672,1,11,12,22,33,2016-11-05
671,671,7,10,12,27,32,2016-11-01
670,670,9,10,19,21,28,2016-10-29
669,669,5,11,16,20,30,2016-10-25
668,668,2,18,19,26,28,2016-10-22
667,667,4,8,15,21,26,2016-10-18
666,666,13,17,20,25,35,2016-10-15
665,665,4,6,21,25,34,2016-10-11
664,664,4,5,7,14,21,2016-10-08
663,663,8,19,20,25,26,2016-10-04
662,662,3,8,11,16,18,2016-10-01
661,661,12,13,16,20,21,2016-09-27
660,660,4,8,18,25,27,2016-09-24
659,659,6,13,21,27,32,2016-09-20
658,658,4,14,16,18,27,2016-09-17
657,657,7,11,17,31,34,2016-09-13
656,656,5,6,7,18,36,2016-09-10
655,655,7,15,19,26,36,2016-09-06
654,654,2,23,27,28,36,2016-09-03
653,653,11,16,26,27,35,2016-08-30
652,652,3,7,10,17,28,2016-08-27
651,651,3,24,25,27,34,2016-08-23
650,650,1,4,10,25,30,2016-08-20
649,649,13,15,29,31,32,2016-08-16
648,648,4,12,21,30,33,2016-08-13
647,647,1,10,26,29,33,2016-08-09
646,646,10,12,13,18,27,2016-08-06
645,645,1,15,17,29,30,2016-08-02
644,644,2,5,11,16,27,2016-07-30
643,643,11,14,16,28,38,2016-07-26
642,642,13,18,21,31,33,2016-07-23
641,641,11,24,25,27,30,2016-07-19
640,640,4,14,17,22,26,2016-07-16
639,639,6,7,11,27,37,2016-07-12
638,638,2,6,14,21,31,2016-07-09
637,637,3,4,8,26,29,2016-07-05
636,636,1,7,8,10,22,2016-07-02
635,635,5,8,11,14,17,2016-06-28
634,634,10,15,22,27,31,2016-06-25
633,633,3,8,12,29,32,2016-06-21
632,632,3,4,22,24,29,2016-06-18
631,631,2,5,7,15,19,2016-06-14
630,630,8,9,13,14,21,2016-06-11
629,629,7,8,18,19,23,2016-06-07
628,628,4,15,16,21,23,2016-06-04
627,627,13,16,24,28,37,2016-05-31
626,626,2,4,8,20,27,2016-05-28
625,625,5,9,14,18,20,2016-05-24
624,624,4,28,29,33,34,2016-05-21
623,623,10,11,15,16,32,2016-05-17
622,622,4,22,23,31,32,2016-05-14
621,621,7,11,14,16,17,2016-05-10
620,620,4,6,14,26,36,2016-05-07
619,619,1,13,15,26,29,2016-05-03
618,618,3,6,12,20,23,2016-04-30
617,617,4,5,6,13,31,2016-04-26
616,616,1,2,5,13,18,2016-04-23
615,615,5,8,14,22,26,2016-04-19
614,614,7,12,13,14,21,2016-04-16
613,613,3,4,19,27,36,2016-04-12
612,612,1,8,18,20,22,2016-04-09
611,611,23,26,28,31,32,2016-04-05
610,610,4,8,9,12,21,2016-04-02
609,609,9,21,24,28,31,2016-03-29
608,608,8,10,12,21,22,2016-03-26
607,607,9,21,28,30,31,2016-03-22
606,606,1,15,23,26,29,2016-03-19
605,605,12,15,21,22,35,2016-03-15
604,604,6,20,24,35,36,2016-03-12
603,603,6,7,9,22,28,2016-03-08
602,602,10,12,16,28,32,2016-03-05
601,601,8,24,25,26,30,2016-03-01
600,600,2,3,9,29,30,2016-02-27
599,599,7,15,22,27,37,2016-02-23
598,598,5,7,13,27,28,2016-02-20
597,597,3,4,8,12,27,2016-02-16
596,596,2,3,15,27,30,2016-02-13
595,595,2,5,15,18,21,2016-02-09
594,594,4,6,11,18,19,2016-02-06
593,593,14,19,21,25,34,2016-02-02
592,592,2,3,7,22,25,2016-01-30
591,591,6,17,20,24,26,2016-01-26
590,590,1,10,19,24,32,2016-01-23
589,589,10,12,20,23,31,2016-01-19
588,588,11,13,27,29,30,2016-01-16
587,587,2,10,13,26,35,2016-01-12
586,586,7,17,28,34,37,2016-01-09
585,585,5,6,13,31,33,2016-01-05
584,584,8,10,19,29,37,2016-01-02
583,583,1,6,8,10,27,2015-12-29
582,582,7,11,15,18,34,2015-12-26
581,581,9,11,22,29,31,2015-12-22
580,580,5,18,19,20,27,2015-12-19
579,579,11,14,15,19,27,2015-12-15
578,578,2,4,15,22,25,2015-12-12
577,577,15,17,23,28,30,2015-12-08
576,576,1,4,17,19,30,2015-12-05
575,575,4,5,10,19,22,2015-12-01
574,574,6,22,24,25,26,2015-11-28
573,573,6,18,19,20,25,2015-11-24
572,572,2,11,14,16,29,2015-11-21
571,571,6,11,16,20,22,2015-11-17
570,570,4,6,12,24,37,2015-11-14
569,569,5,8,10,11,12,2015-11-10
568,568,11,20,25,26,31,2015-11-07
567,567,1,7,10,15,19,2015-11-03
566,566,2,6,22,25,26,2015-10-31
565,565,1,3,12,16,20,2015-10-27
564,564,2,4,17,20,24,2015-10-24
563,563,5,12,21,23,34,2015-10-20
562,562,9,13,24,25,29,2015-10-17
561,561,1,11,24,26,32,2015-10-13
560,560,6,10,14,15,29,2015-10-10
559,559,27,30,32,35,36,2015-10-06
558,558,7,14,16,25,31,2015-10-03
557,557,1,3,16,26,33,2015-09-29
556,556,8,19,21,29,33,2015-09-26
555,555,1,9,20,27,32,2015-09-22
554,554,1,14,21,24,29,2015-09-19
553,553,2,3,8,9,12,2015-09-15
552,552,10,12,16,22,31,2015-09-12
551,551,7,10,11,13,23,2015-09-08
550,550,10,13,19,21,24,2015-09-05
549,549,10,14,16,22,27,2015-09-01
548,548,10,15,24,31,36,2015-08-29
547,547,1,3,12,19,30,2015-08-25
546,546,4,8,10,17,18,2015-08-22
545,545,7,20,25,26,36,2015-08-18
544,544,2,4,5,20,22,2015-08-15
543,543,9,10,16,17,18,2015-08-11
542,542,1,12,17,22,30,2015-08-08
541,541,12,19,22,24,28,2015-08-04
540,540,4,5,32,34,37,2015-08-01
539,539,12,20,24,28,38,2015-07-28
538,538,4,19,27,28,36,2015-07-25
537,537,7,10,23,27,31,2015-07-21
536,536,11,14,19,23,31,2015-07-18
535,535,5,15,20,21,24,2015-07-14
534,534,14,15,20,23,26,2015-07-11
533,533,5,8,17,21,26,2015-07-07
532,532,9,15,23,24,31,2015-07-04
531,531,8,9,15,19,29,2015-06-30
530,530,3,10,13,20,33,2015-06-27
529,529,10,22,23,25,33,2015-06-23
528,528,18,20,23,24,26,2015-06-20
527,527,10,25,26,30,36,2015-06-16
526,526,8,14,17,28,29,2015-06-13
525,525,4,20,22,28,31,2015-06-09
524,524,6,12,18,24,25,2015-06-06
523,523,6,14,18,32,34,2015-06-02
522,522,3,4,7,9,10,2015-05-30
521,521,7,17,20,32,34,2015-05-26
520,520,4,9,11,12,17,2015-05-23
519,519,2,15,17,31,34,2015-05-19
518,518,6,12,16,18,33,2015-05-16
517,517,2,5,16,21,25,2015-05-12
516,516,5,17,20,26,27,2015-05-09
515,515,3,7,9,25,29,2015-05-05
514,514,9,11,20,27,31,2015-05-02
513,513,4,19,26,28,34,2015-04-28
512,512,6,10,13,14,34,2015-04-25
511,511,1,24,25,29,37,2015-04-21
510,510,9,15,18,26,32,2015-04-18
509,509,5,6,11,12,22,2015-04-14
508,508,4,12,14,16,26,2015-04-11
507,507,4,5,27,29,33,2015-04-07
506,506,8,11,15,24,33,2015-04-04
505,505,3,7,15,16,32,2015-03-31
504,504,4,5,10,14,31,2015-03-28
503,503,16,21,22,25,32,2015-03-24
502,502,10,13,15,23,24,2015-03-21
501,501,2,19,23,32,35,2015-03-17
500,500,5,10,20,22,30,2015-03-14
499,499,3,14,17,21,23,2015-03-10
498,498,1,3,5,24,34,2015-03-07
497,497,7,8,21,28,32,2015-03-03
496,496,1,13,18,22,24,2015-02-28
495,495,4,7,8,9,11,2015-02-24
494,494,1,5,7,25,26,2015-02-21
493,493,14,18,25,26,29,2015-02-17
492,492,4,5,9,22,33,2015-02-14
491,491,1,8,9,14,23,2015-02-10
490,490,1,2,20,23,27,2015-02-07
489,489,4,9,10,35,38,2015-02-03
488,488,3,9,13,29,32,2015-01-31
487,487,10,14,18,27,33,2015-01-27
486,486,1,4,13,26,29,2015-01-24
485,485,6,15,20,24,26,2015-01-20
484,484,10,22,26,28,32,2015-01-17
483,483,2,10,11,19,33,2015-01-13
482,482,9,15,19,24,30,2015-01-10
481,481,1,2,12,13,17,2015-01-06
480,480,1,13,17,22,25,2015-01-03
479,479,10,11,21,31,34,2014-12-30
478,478,9,13,14,34,36,2014-12-27
477,477,8,12,14,28,34,2014-12-23
476,476,2,11,16,17,32,2014-12-20
475,475,6,11,20,25,31,2014-12-16
474,474,10,15,16,22,26,2014-12-13
473,473,10,11,16,17,19,2014-12-09
472,472,2,3,8,12,30,2014-12-06
471,471,1,4,5,17,24,2014-12-02
470,470,7,8,10,20,21,2014-11-29
469,469,2,6,11,12,17,2014-11-25
468,468,3,4,12,14,19,2014-11-22
467,467,4,14,15,21,24,2014-11-18
466,466,1,8,16,17,20,2014-11-15
465,465,10,21,23,32,34,2014-11-11
464,464,11,24,25,27,32,2014-11-08
463,463,1,3,7,12,18,2014-11-04
462,462,2,5,7,9,19,2014-11-01
461,461,2,10,29,31,36,2014-10-28
460,460,4,13,22,24,33,2014-10-25
459,459,10,29,30,32,33,2014-10-21
458,458,9,16,19,21,33,2014-10-18
457,457,8,10,11,20,22,2014-10-14
456,456,4,5,8,9,21,2014-10-11
455,455,1,11,12,29,33,2014-10-07
454,454,6,8,13,14,15,2014-10-04
453,453,6,17,28,30,36,2014-09-30
452,452,6,12,24,25,33,2014-09-27
451,451,5,7,14,19,21,2014-09-23
450,450,12,19,22,24,35,2014-09-20
449,449,11,12,14,22,26,2014-09-16
448,448,3,10,13,24,31,2014-09-13
447,447,9,10,19,24,25,2014-09-09
446,446,1,11,19,23,24,2014-09-06
445,445,5,11,13,16,18,2014-09-02
444,444,24,25,26,28,31,2014-08-30
443,443,4,8,9,25,34,2014-08-26
442,442,4,5,17,22,25,2014-08-23
441,441,1,2,10,17,22,2014-08-19
440,440,21,29,31,34,36,2014-08-16
439,439,1,6,23,25,30,2014-08-12
438,438,11,14,21,24,25,2014-08-09
437,437,9,15,19,20,26,2014-08-05
436,436,6,8,10,13,16,2014-08-02
435,435,7,12,20,22,25,2014-07-29
434,434,3,4,18,19,20,2014-07-26
433,433,22,23,30,32,35,2014-07-22
432,432,4,9,18,26,27,2014-07-19
431,431,2,9,13,17,26,2014-07-15
430,430,2,4,7,19,27,2014-07-12
429,429,1,13,16,17,31,2014-07-08
428,428,14,17,19,24,28,2014-07-05
427,427,4,6,13,19,25,2014-07-01
426,426,1,17,20,26,38,2014-06-28
425,425,1,12,15,18,23,2014-06-24
424,424,1,3,4,12,19,2014-06-21
423,423,11,14,20,21,30,2014-06-17
422,422,8,13,25,34,36,2014-06-14
421,421,8,18,24,27,28,2014-06-10
420,420,4,7,17,18,25,2014-06-07
419,419,9,22,31,33,37,2014-06-03
418,418,7,12,14,21,25,2014-05-31
417,417,5,6,12,16,19,2014-05-27
416,416,6,16,17,25,29,2014-05-24
415,415,4,5,6,12,17,2014-05-20
414,414,1,4,14,16,20,2014-05-17
413,413,8,22,25,27,32,2014-05-13
412,412,4,7,15,19,21,2014-05-10
411,411,2,12,20,35,36,2014-05-06
410,410,1,15,16,23,29,2014-05-03
409,409,8,14,33,34,38,2014-04-29
408,408,3,16,23,25,31,2014-04-26
407,407,8,10,14,18,32,2014-04-22
406,406,3,14,22,27,35,2014-04-19
405,405,6,13,15,16,19,2014-04-15
404,404,8,14,22,32,38,2014-04-12
403,403,7,13,16,24,37,2014-04-08
402,402,1,10,26,35,37,2014-04-05
401,401,7,10,15,24,26,2014-04-01
400,400,10,11,12,22,26,2014-03-29
399,399,3,7,8,19,20,2014-03-25
398,398,7,9,12,15,22,2014-03-22
397,397,11,21,26,27,33,2014-03-18
396,396,12,17,23,25,33,2014-03-15
395,395,7,13,18,30,36,2014-03-11
394,394,5,9,18,23,32,2014-03-08
393,393,8,10,23,26,33,2014-03-04
392,392,5,11,14,15,18,2014-03-01
391,391,1,3,9,11,20,2014-02-25
390,390,5,18,23,34,37,2014-02-22
389,389,18,24,28,31,34,2014-02-18
388,388,7,9,10,26,31,2014-02-15
387,387,3,6,10,16,31,2014-02-11
386,386,3,14,17,19,31,2014-02-08
385,385,19,20,22,24,27,2014-02-04
384,384,13,25,28,31,34,2014-02-01
383,383,3,8,12,22,28,2014-01-28
382,382,1,2,13,20,31,2014-01-25
381,381,4,5,13,21,38,2014-01-21
380,380,4,6,16,26,30,2014-01-18
379,379,4,7,14,32,37,2014-01-14
378,378,7,10,12,26,32,2014-01-11
377,377,3,15,18,24,27,2014-01-07
376,376,4,11,16,25,29,2014-01-04
375,375,2,12,13,18,21,2013-12-31
374,374,12,15,18,20,21,2013-12-28
373,373,1,2,12,18,21,2013-12-24
372,372,2,4,16,25,33,2013-12-21
371,371,11,17,18,28,31,2013-12-17
370,370,10,16,22,35,36,2013-12-14
369,369,1,8,20,21,27,2013-12-10
368,368,10,14,18,22,27,2013-12-07
367,367,14,16,17,25,26,2013-12-03
366,366,16,17,25,28,36,2013-11-30
365,365,14,18,21,29,34,2013-11-26
364,364,8,13,19,21,23,2013-11-23
363,363,6,10,11,17,23,2013-11-19
362,362,3,6,8,18,26,2013-11-16
361,361,8,20,27,29,32,2013-11-12
360,360,1,22,25,26,27,2013-11-09
359,359,5,13,17,18,32,2013-11-05
358,358,6,9,13,14,20,2013-11-02
357,357,1,12,16,21,28,2013-10-29
356,356,1,4,10,11,21,2013-10-26
355,355,1,2,6,8,23,2013-10-22
354,354,1,13,25,32,34,2013-10-19
353,353,7,20,23,24,28,2013-10-15
352,352,20,21,22,24,31,2013-10-12
351,351,11,14,27,29,32,2013-10-08
350,350,11,12,13,31,34,2013-10-05
349,349,3,6,8,17,33,2013-10-01
348,348,5,14,16,28,33,2013-09-28
347,347,3,10,21,23,25,2013-09-24
346,346,4,6,13,16,32,2013-09-21
345,345,1,3,22,29,33,2013-09-17
344,344,4,12,18,27,31,2013-09-14
343,343,9,21,24,33,36,2013-09-10
342,342,4,5,10,24,26,2013-09-07
341,341,12,13,15,20,26,2013-09-03
340,340,2,22,23,24,31,2013-08-31
339,339,5,18,24,25,35,2013-08-27
338,338,1,11,13,17,21,2013-08-24
337,337,6,12,21,24,25,2013-08-20
336,336,3,7,12,18,34,2013-08-17
335,335,8,11,17,31,36,2013-08-13
334,334,2,6,9,20,21,2013-08-10
333,333,4,8,15,19,33,2013-08-06
332,332,2,4,17,31,37,2013-08-03
331,331,11,13,23,32,37,2013-07-30
330,330,7,9,16,19,30,2013-07-27
329,329,1,2,10,14,19,2013-07-23
328,328,20,22,25,29,31,2013-07-20
327,327,3,7,14,17,24,2013-07-16
326,326,6,7,22,25,27,2013-07-13
325,325,5,11,20,25,26,2013-07-09
324,324,10,13,24,26,27,2013-07-06
323,323,1,7,12,24,27,2013-07-02
322,322,1,4,13,21,29,2013-06-29
321,321,9,13,18,29,35,2013-06-25
320,320,4,5,19,25,36,2013-06-22
319,319,1,7,25,31,32,2013-06-18
318,318,2,23,27,28,29,2013-06-15
317,317,4,7,19,22,30,2013-06-11
316,316,18,24,27,32,35,2013-06-08
315,315,13,21,25,29,32,2013-06-04
314,314,1,13,20,23,31,2013-06-01
313,313,6,15,25,29,37,2013-05-28
312,312,1,15,18,19,21,2013-05-25
311,311,5,12,24,27,28,2013-05-21
310,310,7,10,11,14,16,2013-05-18
309,309,3,5,8,14,17,2013-05-14
308,308,6,11,18,24,31,2013-05-11
307,307,4,7,14,21,34,2013-05-07
306,306,2,10,19,26,37,2013-05-04
305,305,2,11,13,20,24,2013-04-30
304,304,1,11,12,21,23,2013-04-27
303,303,3,14,16,35,37,2013-04-23
302,302,2,4,8,14,23,2013-04-20
301,301,5,11,22,23,31,2013-04-16
300,300,3,17,24,26,30,2013-04-13
299,299,17,18,25,31,34,2013-04-09
298,298,5,15,16,30,31,2013-04-06
297,297,2,22,27,29,31,2013-04-02
296,296,1,2,24,31,32,2013-03-30
295,295,11,15,18,26,28,2013-03-26
294,294,13,18,25,27,28,2013-03-23
293,293,2,3,12,21,29,2013-03-19
292,292,8,13,21,23,24,2013-03-16
291,291,10,14,20,27,28,2013-03-12
290,290,2,14,28,29,30,2013-03-09
289,289,1,15,19,24,32,2013-03-05
288,288,6,9,16,21,31,2013-03-02
287,287,1,4,16,22,32,2013-02-26
286,286,6,7,8,10,16,2013-02-23
285,285,2,7,15,17,25,2013-02-19
284,284,1,2,3,13,18,2013-02-16
283,283,1,3,25,29,35,2013-02-12
282,282,8,16,17,21,26,2013-02-09
281,281,14,15,19,21,24,2013-02-05
280,280,2,6,9,17,30,2013-02-02
279,279,3,15,21,25,26,2013-01-29
278,278,11,18,33,34,35,2013-01-26
277,277,8,11,19,22,34,2013-01-22
276,276,4,14,15,26,33,2013-01-19
275,275,3,17,30,31,37,2013-01-15
274,274,10,19,25,28,32,2013-01-12
273,273,5,10,17,24,27,2013-01-08
272,272,1,5,19,26,31,2013-01-05
271,271,5,7,8,12,23,2013-01-01
270,270,5,12,15,18,32,2012-12-29
269,269,4,8,14,15,29,2012-12-25
268,268,1,2,10,23,28,2012-12-22
267,267,7,9,23,24,28,2012-12-18
266,266,4,6,13,25,33,2012-12-15
265,265,5,6,13,14,29,2012-12-11
264,264,7,14,15,20,35,2012-12-08
263,263,6,9,30,35,38,2012-12-04
262,262,4,5,20,27,30,2012-12-01
261,261,16,25,29,34,36,2012-11-27
260,260,5,6,19,21,25,2012-11-24
259,259,2,7,12,20,34,2012-11-20
258,258,9,11,16,17,26,2012-11-17
257,257,3,8,13,16,19,2012-11-13
256,256,3,5,7,13,15,2012-11-10
255,255,8,16,24,30,32,2012-11-06
254,254,2,4,12,14,19,2012-11-03
253,253,4,9,14,17,31,2012-10-30
252,252,3,19,20,25,37,2012-10-27
251,251,1,16,19,32,35,2012-10-23
250,250,4,6,16,32,36,2012-10-20
249,249,6,11,14,24,37,2012-10-16
248,248,4,5,7,14,15,2012-10-13
247,247,4,9,24,25,36,2012-10-09
246,246,10,14,15,31,33,2012-10-06
245,245,4,18,25,26,36,2012-10-02
244,244,2,13,17,18,24,2012-09-29
243,243,8,12,20,24,25,2012-09-25
242,242,3,13,17,20,22,2012-09-22
241,241,2,17,23,30,33,2012-09-18
240,240,10,18,21,27,35,2012-09-15
239,239,2,3,18,30,31,2012-09-11
238,238,6,9,12,19,20,2012-09-08
237,237,5,6,10,16,29,2012-09-04
236,236,9,16,20,22,24,2012-09-01
235,235,6,16,18,19,30,2012-08-28
234,234,2,3,4,25,34,2012-08-25
233,233,17,24,27,32,36,2012-08-21
232,232,7,8,13,16,29,2012-08-18
231,231,1,4,11,20,26,2012-08-14
230,230,4,15,18,23,29,2012-08-11
229,229,13,15,16,17,24,2012-08-07
228,228,1,6,14,15,33,2012-08-04
227,227,16,21,25,29,34,2012-07-31
226,226,7,10,13,25,30,2012-07-28
225,225,1,2,7,20,21,2012-07-24
224,224,4,9,12,17,18,2012-07-21
223,223,1,8,10,12,20,2012-07-17
222,222,8,16,17,18,25,2012-07-14
221,221,7,8,13,27,33,2012-07-10
220,220,3,9,26,29,38,2012-07-07
219,219,4,15,19,27,28,2012-07-03
218,218,3,7,11,14,21,2012-06-30
217,217,6,13,20,29,35,2012-06-26
216,216,3,4,18,21,29,2012-06-23
215,215,6,9,17,20,37,2012-06-19
214,214,3,6,9,24,38,2012-06-16
213,213,13,17,18,21,26,2012-06-12
212,212,6,7,14,16,21,2012-06-09
211,211,7,12,18,27,28,2012-06-05
210,210,8,15,18,19,20,2012-06-02
209,209,3,11,16,20,29,2012-05-29
208,208,12,21,28,31,33,2012-05-26
207,207,7,20,22,23,24,2012-05-22
206,206,23,29,30,32,34,2012-05-19
205,205,8,9,15,16,22,2012-05-15
204,204,2,6,7,12,30,2012-05-12
203,203,6,8,9,15,34,2012-05-08
202,202,5,7,19,23,32,2012-05-05
201,201,7,15,16,17,20,2012-05-01
200,200,9,20,22,27,37,2012-04-28
199,199,3,14,23,24,25,2012-04-24
198,198,5,6,9,10,15,2012-04-21
197,197,3,18,28,30,32,2012-04-17
196,196,7,8,11,15,19,2012-04-14
195,195,15,19,23,24,29,2012-04-10
194,194,5,8,11,13,18,2012-04-07
193,193,11,16,18,30,32,2012-04-03
192,192,2,10,24,27,28,2012-03-31
191,191,1,16,23,26,28,2012-03-27
190,190,5,12,28,29,34,2012-03-24
189,189,5,6,10,15,29,2012-03-20
188,188,10,12,14,31,34,2012-03-17
187,187,3,7,21,27,29,2012-03-13
186,186,1,7,22,29,30,2012-03-10
185,185,8,10,12,17,19,2012-03-06
184,184,3,9,10,15,22,2012-03-03
183,183,2,10,13,18,24,2012-02-28
182,182,9,14,16,20,27,2012-02-25
181,181,4,7,9,12,21,2012-02-21
180,180,1,4,10,26,27,2012-02-18
179,179,4,16,23,24,28,2012-02-14
178,178,6,13,15,36,37,2012-02-11
177,177,2,14,16,19,32,2012-02-07
176,176,3,5,19,24,31,2012-02-04
175,175,1,17,19,29,31,2012-01-31
174,174,1,11,14,21,24,2012-01-28
173,173,2,9,12,16,17,2012-01-24
172,172,1,2,5,17,20,2012-01-21
171,171,3,8,19,21,28,2012-01-17
170,170,4,6,21,22,25,2012-01-14
169,169,2,3,4,24,26,2012-01-10
168,168,2,9,16,24,37,2012-01-07
167,167,3,16,22,23,31,2012-01-03
166,166,3,4,15,25,29,2011-12-31
165,165,4,18,19,21,34,2011-12-27
164,164,1,2,20,24,32,2011-12-24
163,163,6,11,13,21,25,2011-12-20
162,162,11,15,19,21,24,2011-12-17
161,161,3,17,20,24,33,2011-12-13
160,160,3,20,24,33,35,2011-12-10
159,159,1,6,12,26,30,2011-12-06
158,158,1,10,13,17,18,2011-12-03
157,157,17,21,26,28,36,2011-11-29
156,156,5,6,23,25,26,2011-11-26
155,155,4,16,25,33,37,2011-11-22
154,154,1,4,5,18,35,2011-11-19
153,153,9,18,19,32,34,2011-11-15
152,152,10,12,15,24,26,2011-11-12
151,151,5,7,11,17,23,2011-11-08
150,150,4,19,22,27,30,2011-11-05
149,149,2,7,9,30,32,2011-11-01
148,148,8,13,16,24,27,2011-10-29
147,147,8,12,15,21,36,2011-10-25
146,146,5,10,15,16,27,2011-10-22
145,145,2,14,15,17,22,2011-10-18
144,144,4,12,17,21,30,2011-10-15
143,143,6,8,10,22,26,2011-10-11
142,142,3,4,7,18,31,2011-10-08
141,141,16,17,23,26,31,2011-10-04
140,140,16,19,21,27,36,2011-10-01
139,139,2,7,9,11,38,2011-09-27
138,138,1,6,9,26,28,2011-09-24
137,137,2,9,17,20,23,2011-09-20
136,136,1,7,18,22,26,2011-09-17
135,135,1,6,23,24,28,2011-09-13
134,134,8,16,17,18,31,2011-09-10
133,133,8,15,26,28,37,2011-09-06
132,132,1,13,22,23,28,2011-09-03
131,131,2,11,13,17,24,2011-08-30
130,130,1,8,18,22,36,2011-08-27
129,129,2,14,18,23,32,2011-08-23
128,128,7,11,12,16,38,2011-08-20
127,127,9,12,15,16,20,2011-08-16
126,126,1,15,24,28,31,2011-08-13
125,125,14,15,27,32,33,2011-08-09
124,124,1,5,15,16,17,2011-08-06
123,123,2,11,12,29,30,2011-08-02
122,122,2,9,11,25,30,2011-07-30
121,121,9,14,18,24,28,2011-07-26
120,120,16,25,30,32,38,2011-07-23
119,119,4,12,20,22,25,2011-07-19
118,118,3,14,17,23,31,2011-07-16
117,117,5,12,15,20,23,2011-07-12
116,116,3,8,10,11,19,2011-07-09
115,115,11,15,18,21,25,2011-07-05
114,114,6,16,20,30,31,2011-07-02
113,113,2,6,8,10,24,2011-06-28
112,112,6,7,8,17,32,2011-06-25
111,111,2,15,27,28,31,2011-06-21
110,110,9,15,23,28,32,2011-06-18
109,109,2,7,8,11,33,2011-06-14
108,108,9,10,11,25,32,2011-06-11
107,107,12,14,16,17,28,2011-06-07
106,106,2,5,7,17,23,2011-06-04
105,105,14,16,20,24,37,2011-05-31
104,104,9,16,19,25,32,2011-05-28
103,103,2,3,5,7,8,2011-05-24
102,102,1,7,11,13,22,2011-05-21
101,101,3,4,6,17,27,2011-05-17
100,100,10,15,25,28,30,2011-05-14
99,99,3,6,17,29,30,2011-05-10
98,98,5,7,10,15,30,2011-05-07
97,97,5,6,15,20,28,2011-05-03
96,96,6,11,15,21,37,2011-04-30
95,95,4,12,19,25,31,2011-04-26
94,94,13,14,21,28,30,2011-04-23
93,93,15,16,23,26,29,2011-04-19
92,92,3,6,9,23,26,2011-04-16
91,91,15,16,21,26,37,2011-04-12
90,90,3,13,16,18,29,2011-04-09
89,89,4,5,6,18,31,2011-04-05
88,88,4,6,31,32,33,2011-04-02
87,87,3,9,19,28,31,2011-03-29
86,86,18,20,33,35,36,2011-03-26
85,85,5,11,13,15,27,2011-03-22
84,84,5,20,25,28,35,2011-03-19
83,83,1,5,10,13,26,2011-03-15
82,82,8,9,20,25,33,2011-03-12
81,81,4,7,15,17,23,2011-03-08
80,80,10,15,25,28,30,2011-03-05
79,79,10,12,16,30,33,2011-03-01
78,78,2,6,18,23,27,2011-02-26
77,77,15,16,22,27,28,2011-02-22
76,76,2,7,19,23,26,2011-02-19
75,75,4,10,13,15,20,2011-02-15
74,74,8,17,19,37,38,2011-02-12
73,73,12,13,25,28,32,2011-02-08
72,72,2,3,21,22,32,2011-02-05
71,71,10,15,18,28,30,2011-02-01
70,70,6,15,25,26,34,2011-01-29
69,69,12,17,20,24,29,2011-01-25
68,68,12,15,20,25,26,2011-01-22
67,67,1,14,16,22,23,2011-01-18
66,66,6,11,18,26,32,2011-01-15
65,65,3,6,10,15,37,2011-01-11
64,64,6,17,21,26,29,2011-01-08
63,63,5,9,10,19,21,2011-01-04
62,62,7,19,21,22,27,2011-01-01
61,61,2,8,19,22,26,2010-12-28
60,60,5,7,13,27,29,2010-12-25
59,59,2,10,17,23,28,2010-12-21
58,58,7,11,21,22,25,2010-12-18
57,57,5,19,30,32,35,2010-12-14
56,56,6,10,12,16,25,2010-12-11
55,55,1,4,6,10,11,2010-12-07
54,54,9,11,19,21,27,2010-12-04
53,53,13,20,25,28,30,2010-11-30
52,52,1,3,5,7,18,2010-11-27
51,51,3,7,13,16,21,2010-11-23
50,50,5,13,15,22,23,2010-11-20
49,49,2,17,35,36,37,2010-11-16
48,48,15,20,22,26,29,2010-11-13
47,47,4,8,14,17,30,2010-11-09
46,46,19,22,23,31,34,2010-11-06
45,45,13,16,23,24,29,2010-11-02
44,44,16,21,22,29,32,2010-10-30
43,43,6,16,19,25,30,2010-10-26
42,42,1,19,28,29,31,2010-10-23
41,41,7,10,13,15,17,2010-10-19
40,40,5,17,20,26,31,2010-10-16
39,39,8,15,18,24,26,2010-10-12
38,38,3,11,15,18,20,2010-10-09
37,37,3,4,13,24,28,2010-10-05
36,36,8,15,22,32,33,2010-10-02
35,35,9,17,18,28,37,2010-09-28
34,34,2,8,9,25,29,2010-09-25
33,33,6,9,12,16,35,2010-09-21
32,32,15,20,28,29,37,2010-09-18
31,31,11,16,19,20,23,2010-09-14
30,30,4,11,14,15,23,2010-09-11
29,29,2,4,6,13,17,2010-09-07
28,28,1,4,15,27,33,2010-09-04
27,27,4,5,9,24,29,2010-08-31
26,26,1,12,19,21,30,2010-08-28
25,25,11,17,24,26,28,2010-08-24
24,24,8,12,20,31,34,2010-08-21
23,23,3,17,18,20,24,2010-08-17
22,22,1,2,23,28,29,2010-08-14
21,21,1,8,20,23,28,2010-08-10
20,20,1,7,17,29,31,2010-08-07
19,19,11,15,35,37,38,2010-08-03
18,18,14,17,20,24,32,2010-07-31
17,17,12,18,21,22,32,2010-07-27
16,16,2,5,8,26,32,2010-07-24
15,15,2,10,23,32,33,2010-07-20
14,14,9,22,26,27,28,2010-07-17
13,13,1,2,4,12,17,2010-07-13
12,12,6,20,30,33,34,2010-07-10
11,11,2,6,12,25,28,2010-07-06
10,10,8,13,18,19,21,2010-07-03
9,9,9,11,15,20,31,2010-06-29
8,8,1,2,5,6,10,2010-06-26
7,7,5,16,26,31,34,2010-06-22
6,6,2,9,11,22,26,2010-06-19
5,5,1,3,7,21,24,2010-06-15
4,4,3,4,18,21,22,2010-06-12
3,3,15,16,23,27,35,2010-06-08
2,2,5,6,8,19,21,2010-06-05
1,1,6,13,14,21,25,2010-06-01
